global_id,tenant_id,name,barcode,product_code,category_global_id,brand_global_id,buy_price,sell_price,min_sell_price,qty,low_stock_threshold,status,is_active,created_at,updated_at,description,image_path,image_url,internal_notes,tags,sale_unit,supplier_name,tax_percent,discount_percent,discount_amount,buy_conversion_label,track_inventory,allow_negative_stock,supplier_item_code,net_weight_grams,manufacturing_date,expiry_date,grade,batch_number,expiry_alert_days_before,stock_base_kind,is_service,service_kind,is_pinned,pinned_at,deleted_at,owner_id
0082793b-353c-494d-9e87-0356900c13da,1,amoxicare sirop 250mg,P0100000168,N1-1788632147843771,,,0,650,0,7,0,instock,true,2026-09-13 15:21:30.537+00,2026-09-13 18:54:16.824+00,,,,,,,,0,0,0,,true,false,,,,,,,,0,false,,false,,,18efcc81-070c-41aa-8aa4-8cae27d91469
00d4cba9-895c-494c-b395-b5b17739ec3f,1,Cutacnyl gel 5%,,N1-1788545549995097,,,0,1200,0,1,5,low,true,2026-09-13 15:21:30.537+00,2026-09-13 15:21:30.537+00,,,,,,,,0,0,0,,true,false,,,,2026-08-01,,,,0,false,,false,,,18efcc81-070c-41aa-8aa4-8cae27d91469
01195bc2-ee44-4b7b-925c-49d69656953a,1,UPSA-C 1000mg,,N1-1788545549945600,,,0,700,0,11,5,instock,true,2026-09-13 15:21:30.537+00,2026-09-13 19:04:08.968+00,,,,,,,,0,0,0,,true,false,,,,2027-09-01,,,,0,false,,false,,,18efcc81-070c-41aa-8aa4-8cae27d91469
01828021-8c74-4566-aa8c-f3efcef98eb3,1,Feroglobin capsules,,N1-1788545549927484,,,0,1350,0,5,5,low,true,2026-09-13 15:21:30.537+00,2026-09-13 15:21:30.537+00,,,,,,,,0,0,0,,true,false,,,,2028-09-01,,,,0,false,,false,,,18efcc81-070c-41aa-8aa4-8cae27d91469
02b294ef-1f75-44dd-92ea-c1b1ac9576cc,1,Fungazone sirop,,N1-1788545550316875,,,0,2100,0,3,5,low,true,2026-09-13 15:21:30.537+00,2026-09-13 15:21:30.537+00,,,,,,,,0,0,0,,true,false,,,,2027-09-01,,,,0,false,,false,,,18efcc81-070c-41aa-8aa4-8cae27d91469
02f3c2bc-1bf6-46f3-a04e-a93e5ce4563b,1,Cutacnyl gel 10%,,N1-1788545549995097-2,,,0,1200,0,2,5,low,true,2026-09-13 15:21:30.537+00,2026-09-13 15:21:30.537+00,,,,,,,,0,0,0,,true,false,,,,2026-09-01,,,,0,false,,false,,,18efcc81-070c-41aa-8aa4-8cae27d91469
036fcfde-4b9b-4821-9e75-cfe7603b6853,1,Parogencyl nouvelle formule 75ml,,N1-1788545550292627,,,0,1300,0,1,5,low,true,2026-09-13 15:21:30.537+00,2026-09-13 15:21:30.537+00,,,,,,,,0,0,0,,true,false,,,,,,,,0,false,,false,,,18efcc81-070c-41aa-8aa4-8cae27d91469
07d2151e-72de-41c2-b067-5d86d62d6458,1,"Vogalènd sirop 0,4%",,N1-1788545549364560,,,0,900,0,0,5,low,true,2026-09-13 15:21:30.537+00,2026-09-13 15:21:30.537+00,,,,,,,,0,0,0,,true,false,,,,2027-02-01,,,,0,false,,false,,,18efcc81-070c-41aa-8aa4-8cae27d91469
09aa2580-a59a-4f3b-aaa3-2b2b789273ec,1,Navidoxine 25mg,,N1-1788545549952886,,,0,1200,0,4,5,low,true,2026-09-13 15:21:30.537+00,2026-09-13 15:21:30.537+00,,,,,,,,0,0,0,,true,false,,,,2028-04-01,,,,0,false,,false,,,18efcc81-070c-41aa-8aa4-8cae27d91469
0a55a2b4-9062-4f05-9817-b5ec0bc8379e,1,Nospa 40mg B20,P0100000173,N1-1789315564708000,,,0,850,850,10,0,instock,true,2026-09-13 19:06:04.672+00,2026-09-13 19:06:04.765+00,,,,,,,,0,0,0,,true,false,,,2026-01-01,2028-12-01,,,14,0,false,,false,,,18efcc81-070c-41aa-8aa4-8cae27d91469
0e64cb6a-3101-4786-9446-6766a8009c21,1,Süsinna sweetener 1200 tablets,,N1-1788545550000084-1,,,0,1500,0,0,5,low,true,2026-09-13 15:21:30.537+00,2026-09-13 15:21:30.537+00,,,,,,,,0,0,0,,true,false,,,,2028-08-01,,,,0,false,,false,,,18efcc81-070c-41aa-8aa4-8cae27d91469
0e834124-5e45-43ce-82b9-e745443fb92c,1,Toco 500mg,,N1-1788545549991847,,,0,900,0,3,5,low,true,2026-09-13 15:21:30.537+00,2026-09-13 15:21:30.537+00,,,,,,,,0,0,0,,true,false,,,,2029-08-01,,,,0,false,,false,,,18efcc81-070c-41aa-8aa4-8cae27d91469
0f58285e-4f85-454e-93b0-0583b2e93e81,1,fucidine creme,P0100000165,N1-1788630078102798,,,0,1000,0,0,0,low,true,2026-09-13 15:21:30.537+00,2026-09-13 15:21:30.537+00,,,,,,,,0,0,0,,true,false,,,,,,,,0,false,,false,,,18efcc81-070c-41aa-8aa4-8cae27d91469
10bc095f-b8f5-4e47-81ba-3152dd09c931,1,Doliprane 300mg,,N1-1788545550282347,,,0,550,0,4,5,low,true,2026-09-13 15:21:30.537+00,2026-09-13 15:21:30.537+00,,,,,,,,0,0,0,,true,false,,,,2026-12-01,,,,0,false,,false,,,18efcc81-070c-41aa-8aa4-8cae27d91469
147f5b87-0801-49ba-b26b-1cfdb190a1b9,1,Glucose 5%,,N1-1788545549997091-1,,,0,500,0,19,5,instock,true,2026-09-13 15:21:30.537+00,2026-09-13 15:21:30.537+00,,,,,,,,0,0,0,,true,false,,,,2027-01-01,,,,0,false,,false,,,18efcc81-070c-41aa-8aa4-8cae27d91469
14a2b87d-661a-4a82-8a66-53eefb93f010,1,Pédiasure sachets 80mg,,N1-1788545550314880,,,0,0,0,10,5,instock,true,2026-09-13 15:21:30.537+00,2026-09-13 15:21:30.537+00,,,,,,,,0,0,0,,true,false,,,,2026-08-01,,,,0,false,,false,,,18efcc81-070c-41aa-8aa4-8cae27d91469
15107286-b44b-4216-8ba3-f243268071dc,1,Acide folique 5mg,,N1-1788545549941332,,,0,750,0,7,5,instock,true,2026-09-13 15:21:30.537+00,2026-09-13 15:21:30.537+00,,,,,,,,0,0,0,,true,false,,,,2027-11-01,,,,0,false,,false,,,18efcc81-070c-41aa-8aa4-8cae27d91469
1589bb18-7225-48d3-adeb-c5827cd8e7b9,1,Ferbasi 200ml,,N1-1788545549358560,,,0,700,0,7,5,instock,true,2026-09-13 15:21:30.537+00,2026-09-13 15:21:30.537+00,,,,,,,,0,0,0,,true,false,,,,2027-04-01,,,,0,false,,false,,,18efcc81-070c-41aa-8aa4-8cae27d91469
15e8b264-b4bc-484e-b7fa-81ed53de58ed,1,"Insumed seringue 0,3ml",,N1-1788545549383480,,,0,0,0,2,5,low,true,2026-09-13 15:21:30.537+00,2026-09-13 15:21:30.537+00,,,,,,,,0,0,0,,true,false,,,,2029-09-01,,,,0,false,,false,,,18efcc81-070c-41aa-8aa4-8cae27d91469
1620cdea-27fa-45e8-b515-8a81e28958af,1,Neurobion comprimés,,N1-1788545549954950,,,0,1300,0,3,5,low,true,2026-09-13 15:21:30.537+00,2026-09-13 15:21:30.537+00,,,,,,,,0,0,0,,true,false,,,,2027-01-01,,,,0,false,,false,,,18efcc81-070c-41aa-8aa4-8cae27d91469
16304df4-43ee-42b5-b2ff-7fd5a308ba03,1,NRC cannula,,N1-1788545550251303,,,0,0,0,79,5,instock,true,2026-09-13 15:21:30.537+00,2026-09-13 15:21:30.537+00,,,,,,,,0,0,0,,true,false,,,,2028-02-01,,,,0,false,,false,,,18efcc81-070c-41aa-8aa4-8cae27d91469
16700f48-9ee3-4927-8b63-61b3a049114f,1,Maxidrol collyre,,N1-1788545549994097-1,,,0,1000,0,13,5,instock,true,2026-09-13 15:21:30.537+00,2026-09-13 15:21:30.537+00,,,,,,,,0,0,0,,true,false,,,,2027-12-01,,,,0,false,,false,,,18efcc81-070c-41aa-8aa4-8cae27d91469
17ec9849-8ded-47f0-88c8-463cdbbdfb1f,1,Ascabiol solution,,N1-1788545550315876,,,0,1000,0,5,5,low,true,2026-09-13 15:21:30.537+00,2026-09-13 15:21:30.537+00,,,,,,,,0,0,0,,true,false,,,,2027-03-01,,,,0,false,,false,,,18efcc81-070c-41aa-8aa4-8cae27d91469
19cad82a-f5ea-44aa-ba95-0c230278dd81,1,"Oflocet auriculaire 1,5mg",,N1-1788545549967617,,,0,1100,0,4,5,low,true,2026-09-13 15:21:30.537+00,2026-09-13 15:21:30.537+00,,,,,,,,0,0,0,,true,false,,,,2027-08-01,,,,0,false,,false,,,18efcc81-070c-41aa-8aa4-8cae27d91469
1bf46456-915f-47c7-b39d-997514ca947e,1,Oroken oral 40mg/5ml,,N1-1788545549347588,,,0,2000,0,21,5,instock,true,2026-09-13 15:21:30.537+00,2026-09-13 15:21:30.537+00,,,,,,,,0,0,0,,true,false,,,,2027-05-01,,,,0,false,,false,,,18efcc81-070c-41aa-8aa4-8cae27d91469
1c82cd26-e11a-4a36-8f17-1f89efc62566,1,Hemax 4000 UI,,N1-1788545550289343,,,0,0,0,7,5,instock,true,2026-09-13 15:21:30.537+00,2026-09-13 15:21:30.537+00,,,,,,,,0,0,0,,true,false,,,,2027-09-01,,,,0,false,,false,,,18efcc81-070c-41aa-8aa4-8cae27d91469
1cdc1dfe-6c37-4c76-a0a0-a3c49e3bfc0c,1,NS sodium 500ml,,N1-1788545549999085-2,,,0,500,0,30,5,instock,true,2026-09-13 15:21:30.537+00,2026-09-13 15:21:30.537+00,,,,,,,,0,0,0,,true,false,,,,2028-05-01,,,,0,false,,false,,,18efcc81-070c-41aa-8aa4-8cae27d91469
1d031576-b08d-43ac-ab53-e7812a12e20d,1,Ketum 100mg,,N1-1788545549950313,,,0,0,0,2,5,low,true,2026-09-13 15:21:30.537+00,2026-09-13 15:21:30.537+00,,,,,,,,0,0,0,,true,false,,,,2027-04-01,,,,0,false,,false,,,18efcc81-070c-41aa-8aa4-8cae27d91469
1e395cf5-fe4a-4461-bc30-d7a4d621c9a5,1,Nurabol sirop 2mg/5ml 125ml,,N1-1788545549935341,,,0,850,0,5,5,low,true,2026-09-13 15:21:30.537+00,2026-09-13 15:21:30.537+00,,,,,,,,0,0,0,,true,false,,,,2027-09-01,,,,0,false,,false,,,18efcc81-070c-41aa-8aa4-8cae27d91469
1eb7b069-6e26-4f44-b461-4600ce06015f,1,Efferalgan 300mg,P0100000163,N1-1788551313698255,,,0,350,0,0,0,low,true,2026-09-13 15:21:30.537+00,2026-09-13 15:21:30.537+00,,,,,,,,0,0,0,,true,false,,,,2026-09-19,,,,0,false,,false,,,18efcc81-070c-41aa-8aa4-8cae27d91469
1ed3972f-2466-415b-9cbf-b55bbee1c0b3,1,Ringer L injection 500ml,,N1-1788545549998088,,,0,500,0,7,5,instock,true,2026-09-13 15:21:30.537+00,2026-09-13 15:21:30.537+00,,,,,,,,0,0,0,,true,false,,,,2029-03-01,,,,0,false,,false,,,18efcc81-070c-41aa-8aa4-8cae27d91469
1f8ce815-6ea8-4eb0-b2e0-71000ecb02d5,1,Fortal,,N1-1788545550307891,,,0,0,0,8,5,instock,true,2026-09-13 15:21:30.537+00,2026-09-13 15:21:30.537+00,,,,,,,,0,0,0,,true,false,,,,2027-01-01,,,,0,false,,false,,,18efcc81-070c-41aa-8aa4-8cae27d91469
1fe83b24-93df-433a-8348-bc9e4060fccd,1,"Indocollyre 0,1%",,N1-1788545549972499,,,0,1200,0,8,5,instock,true,2026-09-13 15:21:30.537+00,2026-09-13 15:21:30.537+00,,,,,,,,0,0,0,,true,false,,,,2027-04-01,,,,0,false,,false,,,18efcc81-070c-41aa-8aa4-8cae27d91469
22ae127a-b726-41d4-ad17-7d5ab1d9bdd0,1,Clamoxyl 500mg gélules,,N1-1788545549963550,,,0,750,0,36,5,instock,true,2026-09-13 15:21:30.537+00,2026-09-13 15:21:30.537+00,,,,,,,,0,0,0,,true,false,,,,2026-10-01,,,,0,false,,false,,,18efcc81-070c-41aa-8aa4-8cae27d91469
231577bf-9632-4c64-a9bb-c7095892aeb3,1,Cooper serum physiologique nasal,,N1-1788545549355560-1,,,0,40,0,93,5,instock,true,2026-09-13 15:21:30.537+00,2026-09-13 19:49:58.361+00,,,,,,,,0,0,0,,true,false,,,,2027-07-01,,,,0,false,,false,,,18efcc81-070c-41aa-8aa4-8cae27d91469
233a6254-9033-43ee-a36e-a130a6666208,1,Seretide,,N1-1788545550321080,,,0,2250,0,1,5,low,true,2026-09-13 15:21:30.537+00,2026-09-13 15:21:30.537+00,,,,,,,,0,0,0,,true,false,,,,2026-10-01,,,,0,false,,false,,,18efcc81-070c-41aa-8aa4-8cae27d91469
24216adc-1dd3-4c80-aa20-d3a01537deaf,1,Neopred 20mg,,N1-1788545549943675,,,0,1450,0,1,5,low,true,2026-09-13 15:21:30.537+00,2026-09-13 15:21:30.537+00,,,,,,,,0,0,0,,true,false,,,,2028-02-01,,,,0,false,,false,,,18efcc81-070c-41aa-8aa4-8cae27d91469
24698555-09b0-45cb-a04d-3c525bba8a1f,1,Brufen 400mg,,N1-1788545549981492,,,0,700,0,3,5,low,true,2026-09-13 15:21:30.537+00,2026-09-13 15:21:30.537+00,,,,,,,,0,0,0,,true,false,,,,2028-02-01,,,,0,false,,false,,,18efcc81-070c-41aa-8aa4-8cae27d91469
267b44e9-9acf-4b51-9fe5-22849145e127,1,pervital sirop,P0100000166,N1-1788630194029284,,,0,850,0,15,0,instock,true,2026-09-13 15:21:30.537+00,2026-09-14 21:04:46.205+00,,,,,,,,0,0,0,,true,false,,,,,,,,0,false,,false,,,18efcc81-070c-41aa-8aa4-8cae27d91469
27273d20-651e-4f34-b6a9-567fa8476f6b,1,Flucon collyre,,N1-1788545549994097,,,0,0,0,4,5,low,true,2026-09-13 15:21:30.537+00,2026-09-13 15:21:30.537+00,,,,,,,,0,0,0,,true,false,,,,2027-03-01,,,,0,false,,false,,,18efcc81-070c-41aa-8aa4-8cae27d91469
27b009fb-0a0f-4460-a2c6-64506f9614c6,1,Augmentin adultes 500mg,,N1-1788545549965953,,,0,1800,0,19,5,instock,true,2026-09-13 15:21:30.537+00,2026-09-13 15:21:30.537+00,,,,,,,,0,0,0,,true,false,,,,2027-05-01,,,,0,false,,false,,,18efcc81-070c-41aa-8aa4-8cae27d91469
2bc8a954-6fbd-40bc-b50d-cbe6fd5df361,1,Seringue 5ml,P0100000182,N1-1789318292747000,,,0,70,70,18,0,instock,true,2026-09-13 19:51:32.713+00,2026-09-13 19:51:32.802+00,,,,,,,,0,0,0,,true,false,,,,2028-07-01,,,14,0,false,,false,,,18efcc81-070c-41aa-8aa4-8cae27d91469
2d52dbbf-4fa0-4210-ac89-dab9c7387ad2,1,Efferalgan 80mg,,N1-1788545550288300,,,0,650,0,7,5,instock,true,2026-09-13 15:21:30.537+00,2026-09-13 15:21:30.537+00,,,,,,,,0,0,0,,true,false,,,,2028-07-01,,,,0,false,,false,,,18efcc81-070c-41aa-8aa4-8cae27d91469
2d8d3fd0-b220-4591-9f19-b43275161a2d,1,Bactrim sirop 200/40mg,P0100000159,N1-1788547995776461,,,0,1350,0,18,0,instock,true,2026-09-13 15:21:30.537+00,2026-09-13 15:21:30.537+00,,,,,,,,0,0,0,,true,false,,,,2028-11-01,,,,0,false,,false,,,18efcc81-070c-41aa-8aa4-8cae27d91469
2f852399-6353-4dda-abb6-9958e8e99c57,1,Ibuprofène 400mg,,N1-1788545549982999,,,0,700,0,35,5,instock,true,2026-09-13 15:21:30.537+00,2026-09-13 15:21:30.537+00,,,,,,,,0,0,0,,true,false,,,,2027-09-01,,,,0,false,,false,,,18efcc81-070c-41aa-8aa4-8cae27d91469
30520bf6-e3e4-489b-82e0-2645b4d0eef1,1,Pervital 20 comprimés,,N1-1788545549887319,,,0,750,0,1,5,low,true,2026-09-13 15:21:30.537+00,2026-09-13 15:21:30.537+00,,,,,,,,0,0,0,,true,false,,,,2028-02-01,,,,0,false,,false,,,18efcc81-070c-41aa-8aa4-8cae27d91469
341674d7-e4da-4cc7-ad26-5e1601977163,1,Finastéride Viatris comprimés,,N1-1788545549374503,,,0,1500,0,4,5,low,true,2026-09-13 15:21:30.537+00,2026-09-13 15:21:30.537+00,,,,,,,,0,0,0,,true,false,,,,2028-02-01,,,,0,false,,false,,,18efcc81-070c-41aa-8aa4-8cae27d91469
346116b5-2a26-4eb3-9b92-8f37405315e9,1,Dakin 250ml,,N1-1788545549999085,,,0,750,0,3,5,low,true,2026-09-13 15:21:30.537+00,2026-09-13 15:21:30.537+00,,,,,,,,0,0,0,,true,false,,,,2026-11-01,,,,0,false,,false,,,18efcc81-070c-41aa-8aa4-8cae27d91469
346745dd-afa0-4407-a1a4-df9a8c3eeb0c,1,Aspirin 100mg,,N1-1788545549988865,,,0,750,0,7,5,instock,true,2026-09-13 15:21:30.537+00,2026-09-13 15:21:30.537+00,,,,,,,,0,0,0,,true,false,,,,2027-09-01,,,,0,false,,false,,,18efcc81-070c-41aa-8aa4-8cae27d91469
34915e69-6a88-42fa-b900-ad380fdae6b4,1,Efferalgan 500mg comprimés,,N1-1788545549391460,,,0,650,0,0,5,low,true,2026-09-13 15:21:30.537+00,2026-09-13 15:21:30.537+00,,,,,,,,0,0,0,,true,false,,,,2027-11-01,,,,0,false,,false,,,18efcc81-070c-41aa-8aa4-8cae27d91469
3491764b-4c67-457e-9c64-69fe3301d3ef,1,On Call Plus appareil,,N1-1788545550312887,,,0,5500,0,3,5,low,true,2026-09-13 15:21:30.537+00,2026-09-13 15:21:30.537+00,,,,,,,,0,0,0,,true,false,,,,2026-11-01,,,,0,false,,false,,,18efcc81-070c-41aa-8aa4-8cae27d91469
3573bcfc-ef38-46a8-9a89-8b5d81c54b7e,1,Wellbaby sirop 150ml,P0100000172,N1-1789315114702000,,,0,1450,1450,10,0,instock,true,2026-09-13 18:58:34.643+00,2026-09-13 18:58:34.78+00,,,,,,,,0,0,0,,true,false,,,2025-05-01,2027-04-01,,,14,0,false,,false,,,18efcc81-070c-41aa-8aa4-8cae27d91469
370b9607-0092-445e-ad0b-fbeaa8038e46,1,Healax cream 100g,,N1-1788545549385475,,,0,1500,0,3,5,low,true,2026-09-13 15:21:30.537+00,2026-09-13 15:21:30.537+00,,,,,,,,0,0,0,,true,false,,,,2026-08-01,,,,0,false,,false,,,18efcc81-070c-41aa-8aa4-8cae27d91469
384c5e59-1e85-4b9b-a230-b38377d19b0b,1,test de grossess,P0100000169,N1-1788632617667561,,,0,200,0,42,0,instock,true,2026-09-13 15:21:30.537+00,2026-09-13 15:21:30.537+00,,,,,,,,0,0,0,,true,false,,,,,,,,0,false,,false,,,18efcc81-070c-41aa-8aa4-8cae27d91469
38dde21c-56a3-4f3f-8c31-8d5a6a66fd6c,1,Cortancyl 20mg comprimé,P0100000176,N1-1789316091421000,,,0,1400,1400,5,0,instock,true,2026-09-13 19:14:51.368+00,2026-09-13 19:14:51.442+00,,,,,,,,0,0,0,,true,false,,,,2026-11-01,,,14,0,false,,false,,,18efcc81-070c-41aa-8aa4-8cae27d91469
3ac101dc-25d4-4512-b2c5-8f852cba5e4b,1,Otipax phénazone auriculaire,,N1-1788545549969940-1,,,0,1000,0,3,5,low,true,2026-09-13 15:21:30.537+00,2026-09-13 15:21:30.537+00,,,,,,,,0,0,0,,true,false,,,,2028-12-01,,,,0,false,,false,,,18efcc81-070c-41aa-8aa4-8cae27d91469
3cf06a43-2106-4baf-b875-1fd362394c72,1,Azitro 500mg comprimé,P0100000177,N1-1789316550615000,,,0,950,950,3,0,instock,true,2026-09-13 19:22:30.588+00,2026-09-13 19:22:30.654+00,,,,,,,,0,0,0,,true,false,,,,2029-01-01,,,14,0,false,,false,,,18efcc81-070c-41aa-8aa4-8cae27d91469
41cd0364-c2af-4324-b031-fff2a51e71a9,1,Cetirizine 10mg comprimé,P0100000180,N1-1789317740726000,,,0,750,750,4,0,instock,true,2026-09-13 19:42:20.695+00,2026-09-13 19:42:20.779+00,,,,,,,,0,0,0,,true,false,,,,2028-09-01,,,14,0,false,,false,,,18efcc81-070c-41aa-8aa4-8cae27d91469
41d68509-65cd-419e-9c1b-44e7ab4673d3,1,Pediakid sirop 22 vitamines,,N1-1788545549382484,,,0,2350,0,2,5,low,true,2026-09-13 15:21:30.537+00,2026-09-13 15:21:30.537+00,,,,,,,,0,0,0,,true,false,,,,2026-09-01,,,,0,false,,false,,,18efcc81-070c-41aa-8aa4-8cae27d91469
446438cf-a6e9-4828-9ed5-fd3400dd5379,1,Broncathiol adult 5%,P0100000160,N1-1788548733341993,,,0,1100,0,7,0,instock,true,2026-09-13 15:21:30.537+00,2026-09-13 15:21:30.537+00,,,,,,,,0,0,0,,true,false,,,,,,,,0,false,,false,,,18efcc81-070c-41aa-8aa4-8cae27d91469
44aa8b9d-3889-43bb-9b87-a3ad5e82306c,1,Flomozine crème,,N1-1788545550323083,,,0,1450,0,0,5,low,true,2026-09-13 15:21:30.537+00,2026-09-13 15:21:30.537+00,,,,,,,,0,0,0,,true,false,,,,2027-02-01,,,,0,false,,false,,,18efcc81-070c-41aa-8aa4-8cae27d91469
4592a1ce-3840-4abe-b803-7c1374d7a890,1,"Maxidex 0,1% collyre",,N1-1788545549993468,,,0,0,0,4,5,low,true,2026-09-13 15:21:30.537+00,2026-09-13 15:21:30.537+00,,,,,,,,0,0,0,,true,false,,,,2027-10-01,,,,0,false,,false,,,18efcc81-070c-41aa-8aa4-8cae27d91469
48bb301e-2b62-42b1-8ae9-485c05df60eb,1,Helpha 12ml,,N1-1788545550279014,,,0,0,0,95,5,instock,true,2026-09-13 15:21:30.537+00,2026-09-13 15:21:30.537+00,,,,,,,,0,0,0,,true,false,,,,2026-12-01,,,,0,false,,false,,,18efcc81-070c-41aa-8aa4-8cae27d91469
494174c1-6993-450d-947b-a2e86a9248d0,1,Dorco toothbrush 12 pièces,,N1-1788545550296657,,,0,400,0,9,5,instock,true,2026-09-13 15:21:30.537+00,2026-09-13 15:21:30.537+00,,,,,,,,0,0,0,,true,false,,,,,,,,0,false,,false,,,18efcc81-070c-41aa-8aa4-8cae27d91469
49a68c8f-7a8e-4e22-8c3e-be7d84ac438a,1,KOP,,N1-1788545550000084-2,,,0,100,0,7,5,instock,true,2026-09-13 15:21:30.537+00,2026-09-13 15:21:30.537+00,,,,,,,,0,0,0,,true,false,,,,2030-12-01,,,,0,false,,false,,,18efcc81-070c-41aa-8aa4-8cae27d91469
4ac9ad8f-43af-404a-b694-33b3bbbbe120,1,Flexdol comprimés,,N1-1788545549997091-2,,,0,1000,0,3,5,low,true,2026-09-13 15:21:30.537+00,2026-09-13 15:21:30.537+00,,,,,,,,0,0,0,,true,false,,,,2027-09-01,,,,0,false,,false,,,18efcc81-070c-41aa-8aa4-8cae27d91469
4b30f6c7-f6e2-4171-8887-90c85743cade,1,Decontractyl boite de 50,,N1-1788545549947632,,,0,2000,0,5,5,low,true,2026-09-13 15:21:30.537+00,2026-09-13 15:21:30.537+00,,,,,,,,0,0,0,,true,false,,,,2026-07-01,,,,0,false,,false,,,18efcc81-070c-41aa-8aa4-8cae27d91469
4b7ed26a-26eb-4dd9-9a90-a6c32158e8dd,1,Disten 300/380mg 50 comprimés,,N1-1788545549936389,,,0,1,0,5,5,low,true,2026-09-13 15:21:30.537+00,2026-09-13 15:21:30.537+00,,,,,,,,0,0,0,,true,false,,,,2029-12-01,,,,0,false,,false,,,18efcc81-070c-41aa-8aa4-8cae27d91469
4da2f5ea-e7b2-4b39-a559-fa0f33261fe5,1,Gynanfort vaginal 10 ovules,,N1-1788545549996094-1,,,0,0,0,2,5,low,true,2026-09-13 15:21:30.537+00,2026-09-13 15:21:30.537+00,,,,,,,,0,0,0,,true,false,,,,,,,,0,false,,false,,,18efcc81-070c-41aa-8aa4-8cae27d91469
4e8256a4-b562-46ff-b2e7-af8cd4822aa0,1,Advilmed sirop enfants/nourrissons 20mg,,N1-1788545549997091,,,0,1100,0,3,5,instock,true,2026-09-13 15:21:30.537+00,2026-09-13 15:21:30.537+00,,,,,,,,0,0,0,,true,false,,,,2028-03-01,,,,0,false,,false,,,18efcc81-070c-41aa-8aa4-8cae27d91469
4ef3f604-3c04-42b8-b032-7ffb63f38789,1,Biafine,,N1-1788545550303629,,,0,950,0,3,5,low,true,2026-09-13 15:21:30.537+00,2026-09-13 15:21:30.537+00,,,,,,,,0,0,0,,true,false,,,,2027-09-01,,,,0,false,,false,,,18efcc81-070c-41aa-8aa4-8cae27d91469
4f956f74-3cd2-46bf-8af8-8455bfa06a1d,1,Fluocaril 145mg 6-13 ans,,N1-1788545550294636,,,0,0,0,3,5,low,true,2026-09-13 15:21:30.537+00,2026-09-13 15:21:30.537+00,,,,,,,,0,0,0,,true,false,,,,,,,,0,false,,false,,,18efcc81-070c-41aa-8aa4-8cae27d91469
537fdb12-9d42-436f-9611-0ca0572bd444,1,Cérulyse 5g auriculaire,,N1-1788545549971103,,,0,1000,0,2,5,low,true,2026-09-13 15:21:30.537+00,2026-09-13 15:21:30.537+00,,,,,,,,0,0,0,,true,false,,,,2028-05-01,,,,0,false,,false,,,18efcc81-070c-41aa-8aa4-8cae27d91469
5491bb81-61ba-4cce-9fd9-58e95f8a7072,1,babaysoin,P0100000171,N1-1788685016406488,,,0,40,0,88,0,instock,true,2026-09-13 15:21:30.537+00,2026-09-13 15:21:30.537+00,,,,,,,,0,0,0,,true,false,,,,,,,,0,false,,false,,,18efcc81-070c-41aa-8aa4-8cae27d91469
549a0582-31f8-4c48-bcb5-e18e34c2b6ec,1,Eau oxygénée 250ml,,N1-1788545549999085-1,,,0,650,0,4,5,low,true,2026-09-13 15:21:30.537+00,2026-09-13 15:21:30.537+00,,,,,,,,0,0,0,,true,false,,,,2028-03-01,,,,0,false,,false,,,18efcc81-070c-41aa-8aa4-8cae27d91469
5abee3f2-1151-42c4-bc38-e7f2e76fa11a,1,Sedorrhoïde crème,,N1-1788545550324076-1,,,0,1300,0,2,5,low,true,2026-09-13 15:21:30.537+00,2026-09-13 15:21:30.537+00,,,,,,,,0,0,0,,true,false,,,,2027-01-01,,,,0,false,,false,,,18efcc81-070c-41aa-8aa4-8cae27d91469
5e2f8c04-0db0-4c4c-902c-5a5b9da74994,1,Maalox sachet,,N1-1788545549350578,,,0,1200,0,3,5,low,true,2026-09-13 15:21:30.537+00,2026-09-13 15:21:30.537+00,,,,,,,,0,0,0,,true,false,,,,2027-12-01,,,,0,false,,false,,,18efcc81-070c-41aa-8aa4-8cae27d91469
5e735fd9-6a62-4b06-880d-6a66038da21c,1,"Humex 0,30g oral",,N1-1788545549372521,,,0,1100,0,2,5,low,true,2026-09-13 15:21:30.537+00,2026-09-13 15:21:30.537+00,,,,,,,,0,0,0,,true,false,,,,2026-12-01,,,,0,false,,false,,,18efcc81-070c-41aa-8aa4-8cae27d91469
649a075f-149d-493c-99ef-43a3ad34a7d9,1,Seringue 10ml,P0100000183,N1-1789318553493000,,,0,70,70,99,0,instock,true,2026-09-13 19:55:53.459+00,2026-09-13 19:55:53.546+00,,,,,,,,0,0,0,,true,false,,,,2026-12-09,,,5,0,false,,false,,,18efcc81-070c-41aa-8aa4-8cae27d91469
6770e8c3-0738-4c4f-8098-691e833c9079,1,Tanganil500 comprimés,,N1-1788545549990656,,,0,1550,0,4,5,low,true,2026-09-13 15:21:30.537+00,2026-09-13 15:21:30.537+00,,,,,,,,0,0,0,,true,false,,,,,,,,0,false,,false,,,18efcc81-070c-41aa-8aa4-8cae27d91469
67870d8e-651f-4b70-b7da-da93d65d251b,1,Novomix FlexPen,,N1-1788545550285353,,,0,0,0,25,5,instock,true,2026-09-13 15:21:30.537+00,2026-09-13 15:21:30.537+00,,,,,,,,0,0,0,,true,false,,,,2027-01-01,,,,0,false,,false,,,18efcc81-070c-41aa-8aa4-8cae27d91469
687d6c08-11a4-4cbb-b18e-005e945d2500,1,Duphaston CP 10mg,,N1-1788545550302610,,,0,1400,0,4,5,low,true,2026-09-13 15:21:30.537+00,2026-09-13 15:21:30.537+00,,,,,,,,0,0,0,,true,false,,,,2029-08-01,,,,0,false,,false,,,18efcc81-070c-41aa-8aa4-8cae27d91469
696fcc53-c2e8-4e76-9108-bafd6f734f91,1,Omeprazole Cristers 20mg,,N1-1788545549938382,,,0,1300,0,10,5,instock,true,2026-09-13 15:21:30.537+00,2026-09-14 18:32:23.628+00,,,,,,,,0,0,0,,true,false,,,,2028-01-01,,,,0,false,,false,,,18efcc81-070c-41aa-8aa4-8cae27d91469
6a9bf1c6-b81b-4af4-a524-8fd590cf545e,1,amoxicare sirop 125mg,P0100000167,N1-1788632105419025,,,0,600,0,20,0,instock,true,2026-09-13 15:21:30.537+00,2026-09-13 15:21:30.537+00,,,,,,,,0,0,0,,true,false,,,,,,,,0,false,,false,,,18efcc81-070c-41aa-8aa4-8cae27d91469
6ae5ae76-c9d7-4795-95a4-3c49799eb35c,1,Albencare comprimés 400mg,,N1-1788545549376511,,,0,2350,0,6,5,instock,true,2026-09-13 15:21:30.537+00,2026-09-13 15:21:30.537+00,,,,,,,,0,0,0,,true,false,,,,2027-07-01,,,,0,false,,false,,,18efcc81-070c-41aa-8aa4-8cae27d91469
6b183a43-b842-46d3-b7f3-deb8e463d374,1,Janumet 50/850mg comprimés,,N1-1788545549383480-1,,,0,0,0,4,5,low,true,2026-09-13 15:21:30.537+00,2026-09-13 15:21:30.537+00,,,,,,,,0,0,0,,true,false,,,,,,,,0,false,,false,,,18efcc81-070c-41aa-8aa4-8cae27d91469
6d53e9f3-9f42-4188-a62c-45968859a682,1,"Sodium chloride 0,9% 500ml",,N1-1788545549998088-1,,,0,0,0,8,5,instock,true,2026-09-13 15:21:30.537+00,2026-09-13 15:21:30.537+00,,,,,,,,0,0,0,,true,false,,,,2029-02-01,,,,0,false,,false,,,18efcc81-070c-41aa-8aa4-8cae27d91469
6dc8530b-e579-4dfa-a855-28e75fde91de,1,Zentel comprimés 400mg,,N1-1788545549366525,,,0,900,0,5,5,low,true,2026-09-13 15:21:30.537+00,2026-09-13 15:21:30.537+00,,,,,,,,0,0,0,,true,false,,,,,,,,0,false,,false,,,18efcc81-070c-41aa-8aa4-8cae27d91469
705564f8-e2d4-47d0-a618-ef958041ed09,1,Sensodyne 75ml,,N1-1788545550293675,,,0,1150,0,0,5,low,true,2026-09-13 15:21:30.537+00,2026-09-13 15:21:30.537+00,,,,,,,,0,0,0,,true,false,,,,,,,,0,false,,false,,,18efcc81-070c-41aa-8aa4-8cae27d91469
71ed4458-84f7-4506-adc9-47f2f937bf8f,1,Rovamycine sachets,,N1-1788545550305632,,,0,0,0,8,5,instock,true,2026-09-13 15:21:30.537+00,2026-09-13 15:21:30.537+00,,,,,,,,0,0,0,,true,false,,,,2027-11-01,,,,0,false,,false,,,18efcc81-070c-41aa-8aa4-8cae27d91469
74a725c8-70e6-425c-9c3c-7f0a4e169f92,1,Tributine 150mg 20 sachets,,N1-1788545549993158,,,0,1500,0,4,5,low,true,2026-09-13 15:21:30.537+00,2026-09-13 15:21:30.537+00,,,,,,,,0,0,0,,true,false,,,,2029-10-01,,,,0,false,,false,,,18efcc81-070c-41aa-8aa4-8cae27d91469
74b0746c-3399-4b63-a492-81a1a6eb3413,1,Nozinan 25mg comprimés 2,,N1-1788545550306604,,,0,0,0,10,5,instock,true,2026-09-13 15:21:30.537+00,2026-09-13 15:21:30.537+00,,,,,,,,0,0,0,,true,false,,,,2028-07-01,,,,0,false,,false,,,18efcc81-070c-41aa-8aa4-8cae27d91469
74d3d06e-8757-4c82-92cc-c8b5008ca18e,1,Bactrim comprimés 400/80mg,,N1-1788545549960192,,,0,1300,0,1,5,low,true,2026-09-13 15:21:30.537+00,2026-09-13 15:21:30.537+00,,,,,,,,0,0,0,,true,false,,,,2028-11-01,,,,0,false,,false,,,18efcc81-070c-41aa-8aa4-8cae27d91469
758e73c0-b660-43be-8014-a696bab04cd9,1,Feroglobin B12 sirop,,N1-1788545549926476,,,0,1200,0,5,5,low,true,2026-09-13 15:21:30.537+00,2026-09-13 18:50:44.45+00,,,,,,,,0,0,0,,true,false,,,,2027-04-01,,,,0,false,,false,,,18efcc81-070c-41aa-8aa4-8cae27d91469
76e26f06-231d-4b9a-8b4e-c1bd3e01bd4e,1,Amaryl 3mg,,N1-1788545549991066,,,0,1000,0,0,5,low,true,2026-09-13 15:21:30.537+00,2026-09-13 15:21:30.537+00,,,,,,,,0,0,0,,true,false,,,,2027-03-01,,,,0,false,,false,,,18efcc81-070c-41aa-8aa4-8cae27d91469
774ce529-46c4-448b-b458-192c055822a7,1,Claril 500mg,,N1-1788545549992197,,,0,1000,0,9,5,instock,true,2026-09-13 15:21:30.537+00,2026-09-13 15:21:30.537+00,,,,,,,,0,0,0,,true,false,,,,,,,,0,false,,false,,,18efcc81-070c-41aa-8aa4-8cae27d91469
78d5f1b2-7db7-452e-b5fb-938cba82764f,1,Flagyl sirop 125mg,,N1-1788545549364560-1,,,0,1000,0,14,5,instock,true,2026-09-13 15:21:30.537+00,2026-09-13 18:55:31.897+00,,,,,,,,0,0,0,,true,false,,,,2027-05-01,,,,0,false,,false,,,18efcc81-070c-41aa-8aa4-8cae27d91469
79eea309-ed4b-4e80-b302-5e98151c2dcb,1,"Chibroxine collyre 0,3%",,N1-1788545549994097-2,,,0,850,0,9,5,instock,true,2026-09-13 15:21:30.537+00,2026-09-13 15:21:30.537+00,,,,,,,,0,0,0,,true,false,,,,2028-04-01,,,,0,false,,false,,,18efcc81-070c-41aa-8aa4-8cae27d91469
7ae8a5c0-0206-4f31-ab97-fec7f49efca6,1,Hydravit 10mg,,N1-1788545549344611,,,0,200,0,32,5,instock,true,2026-09-13 15:21:30.537+00,2026-09-13 15:21:30.537+00,,,,,,,,0,0,0,,true,false,,,,2028-01-01,,,,0,false,,false,,,18efcc81-070c-41aa-8aa4-8cae27d91469
7bf51fbb-8500-484f-8612-0680aba01246,1,Trimetabol oral 150ml,,N1-1788545549346580,,,0,1100,0,4,5,low,true,2026-09-13 15:21:30.537+00,2026-09-13 15:21:30.537+00,,,,,,,,0,0,0,,true,false,,,,2027-08-01,,,,0,false,,false,,,18efcc81-070c-41aa-8aa4-8cae27d91469
7c72357c-6c67-4ead-802c-10485e3d785e,1,Glucophage 850mg,,N1-1788545549988152,,,0,1200,0,8,5,instock,true,2026-09-13 15:21:30.537+00,2026-09-13 15:21:30.537+00,,,,,,,,0,0,0,,true,false,,,,2029-04-01,,,,0,false,,false,,,18efcc81-070c-41aa-8aa4-8cae27d91469
7c784e08-d069-4a20-82a4-9f22aef7e28f,1,Duphalac 10g/15ml 20 sachets,,N1-1788545549978516,,,0,1150,0,0,5,low,true,2026-09-13 15:21:30.537+00,2026-09-13 15:21:30.537+00,,,,,,,,0,0,0,,true,false,,,,2028-06-01,,,,0,false,,false,,,18efcc81-070c-41aa-8aa4-8cae27d91469
7dabddb1-d835-435c-b80d-cc12e27ed446,1,Crosscal 50mg,,N1-1788545549957628,,,0,1500,0,1,5,low,true,2026-09-13 15:21:30.537+00,2026-09-13 15:21:30.537+00,,,,,,,,0,0,0,,true,false,,,,2027-07-01,,,,0,false,,false,,,18efcc81-070c-41aa-8aa4-8cae27d91469
7f4689d0-3708-484a-886d-f4c232e22097,1,Mixtard 30 100ml,,N1-1788545550283314,,,0,1500,0,54,5,instock,true,2026-09-13 15:21:30.537+00,2026-09-13 15:21:30.537+00,,,,,,,,0,0,0,,true,false,,,,2027-10-01,,,,0,false,,false,,,18efcc81-070c-41aa-8aa4-8cae27d91469
7fb3c1e1-9bdb-4b1f-a0bd-7aac54e05742,1,Fucidine 2% pommade,,N1-1788545549386471,,,0,1100,0,8,5,instock,true,2026-09-13 15:21:30.537+00,2026-09-13 15:21:30.537+00,,,,,,,,0,0,0,,true,false,,,,2027-11-01,,,,0,false,,false,,,18efcc81-070c-41aa-8aa4-8cae27d91469
80318e34-edc7-454f-ba72-1d7f68322a4a,1,Diamicron MR 60mg,,N1-1788545549991475,,,0,1800,0,14,5,instock,true,2026-09-13 15:21:30.537+00,2026-09-13 15:21:30.537+00,,,,,,,,0,0,0,,true,false,,,,2028-05-01,,,,0,false,,false,,,18efcc81-070c-41aa-8aa4-8cae27d91469
80c25552-2493-4c92-8418-7f38479a747d,1,Ery 500mg comprimés 20,,N1-1788545549392456,,,0,1000,0,21,5,instock,true,2026-09-13 15:21:30.537+00,2026-09-13 15:21:30.537+00,,,,,,,,0,0,0,,true,false,,,,2027-06-01,,,,0,false,,false,,,18efcc81-070c-41aa-8aa4-8cae27d91469
8222d167-2065-4564-8a0b-6af4182f8f32,1,Doliprane 1000mg comprimés,,N1-1788545549989392,,,0,600,0,6,5,instock,true,2026-09-13 15:21:30.537+00,2026-09-13 15:21:30.537+00,,,,,,,,0,0,0,,true,false,,,,2027-05-01,,,,0,false,,false,,,18efcc81-070c-41aa-8aa4-8cae27d91469
845c6731-ad07-446c-aeaf-726888a2d4c7,1,"Vogalène sirop 0,1%",,N1-1788545549359546,,,0,1200,0,12,5,instock,true,2026-09-13 15:21:30.537+00,2026-09-13 15:21:30.537+00,,,,,,,,0,0,0,,true,false,,,,2027-04-01,,,,0,false,,false,,,18efcc81-070c-41aa-8aa4-8cae27d91469
89a32db3-c849-441f-9718-37bd8a8e1659,1,Polygynax ovules,,N1-1788545550327659,,,0,1200,0,6,5,instock,true,2026-09-13 15:21:30.537+00,2026-09-13 15:21:30.537+00,,,,,,,,0,0,0,,true,false,,,,2028-11-01,,,,0,false,,false,,,18efcc81-070c-41aa-8aa4-8cae27d91469
8b017f6d-2ecf-4e76-b47d-9425bc00cb38,1,Ciprofloxacine 500mg comprimé,P0100000179,N1-1789317101900000,,,0,1000,1000,10,0,instock,true,2026-09-13 19:31:41.866+00,2026-09-13 19:31:41.95+00,,,,,,,,0,0,0,,true,false,,,,2027-03-01,,,14,0,false,,false,,,18efcc81-070c-41aa-8aa4-8cae27d91469
8db9094a-172d-4df1-af80-e326f638c068,1,Affinité adulte,,N1-1788545550327007,,,0,0,0,2,5,low,true,2026-09-13 15:21:30.537+00,2026-09-13 15:21:30.537+00,,,,,,,,0,0,0,,true,false,,,,2026-12-01,,,,0,false,,false,,,18efcc81-070c-41aa-8aa4-8cae27d91469
8df0c68c-73c1-4644-b1d6-641f006ac25e,1,Tardyferon 80mg comprimés,,N1-1788545549388485,,,0,1250,0,11,5,instock,true,2026-09-13 15:21:30.537+00,2026-09-13 19:16:33.731+00,,,,,,,,0,0,0,,true,false,,,,2028-04-01,,,,0,false,,false,,,18efcc81-070c-41aa-8aa4-8cae27d91469
8e032b65-7bb5-4366-83fa-b51e7dd45b03,1,Oxalair 125 microgrammes 120 doses,,N1-1788545550298620,,,0,0,0,1,5,low,true,2026-09-13 15:21:30.537+00,2026-09-13 15:21:30.537+00,,,,,,,,0,0,0,,true,false,,,,2027-06-01,,,,0,false,,false,,,18efcc81-070c-41aa-8aa4-8cae27d91469
8e5108bb-1ff2-4faa-acfd-e53ab9de0208,1,Norodol 5mg,,N1-1788545549996094,,,0,0,0,1,5,low,true,2026-09-13 15:21:30.537+00,2026-09-13 15:21:30.537+00,,,,,,,,0,0,0,,true,false,,,,2028-03-01,,,,0,false,,false,,,18efcc81-070c-41aa-8aa4-8cae27d91469
9082fac9-0335-4745-8e12-e8e3ed3d3423,1,Trialgic comprimés,,N1-1788545549384477,,,0,800,0,27,5,instock,true,2026-09-13 15:21:30.537+00,2026-09-13 15:21:30.537+00,,,,,,,,0,0,0,,true,false,,,,2027-04-01,,,,0,false,,false,,,18efcc81-070c-41aa-8aa4-8cae27d91469
90fbf8b6-0f4e-4b39-aef4-11c2c3b68a11,1,"Tamsulosine Viatris 0,4mg",,N1-1788545549992844,,,0,1500,0,4,5,low,true,2026-09-13 15:21:30.537+00,2026-09-13 15:21:30.537+00,,,,,,,,0,0,0,,true,false,,,,2026-10-01,,,,0,false,,false,,,18efcc81-070c-41aa-8aa4-8cae27d91469
9113014b-8ace-4d7b-8d5e-35d6f72a152d,1,Alvityl sirop 11 vitamines,,N1-1788545549930519,,,0,1600,0,5,5,low,true,2026-09-13 15:21:30.537+00,2026-09-13 18:59:45.077+00,,,,,,,,0,0,0,,true,false,,,,2027-08-01,,,,0,false,,false,,,18efcc81-070c-41aa-8aa4-8cae27d91469
9193d67f-98bb-4db4-9955-1590747b9c50,1,Astaph sirop 250mg,P0100000158,N1-1788547686235871,,,0,1350,0,6,0,instock,true,2026-09-13 15:21:30.537+00,2026-09-13 15:21:30.537+00,,,,,,,,0,0,0,,true,false,,,,2027-12-01,,,,0,false,,false,,,18efcc81-070c-41aa-8aa4-8cae27d91469
93b570d7-4dc2-42ea-b28d-ed2ea236fb59,1,Omeprazole injectable 40mg,P0100000181,N1-1789318130341000,,,0,700,700,15,0,instock,true,2026-09-13 19:48:50.312+00,2026-09-13 19:48:50.397+00,,,,,,,,0,0,0,,true,false,,,,2028-10-01,,,14,0,false,,false,,,18efcc81-070c-41aa-8aa4-8cae27d91469
945b0cde-b90d-4f9a-9ddb-53f219828582,1,Clotri-denk 1% cream 20g,,N1-1788545549990245,,,0,1200,0,5,5,low,true,2026-09-13 15:21:30.537+00,2026-09-13 15:21:30.537+00,,,,,,,,0,0,0,,true,false,,,,2027-10-01,,,,0,false,,false,,,18efcc81-070c-41aa-8aa4-8cae27d91469
96c8181b-773b-4ffa-a3a6-50a1a6889284,1,"Nevixal 0,1%",,N1-1788545550328236,,,0,1600,0,7,5,instock,true,2026-09-13 15:21:30.537+00,2026-09-13 15:21:30.537+00,,,,,,,,0,0,0,,true,false,,,,2027-09-01,,,,0,false,,false,,,18efcc81-070c-41aa-8aa4-8cae27d91469
96d85407-f877-4d6a-9dd0-211765dc6bbf,1,Acyclovir 200mg comprimés,,N1-1788545550300615,,,0,2200,0,4,2,instock,true,2026-09-13 15:21:30.537+00,2026-09-13 15:21:30.537+00,,,,,,,,0,0,0,,true,false,,,,2026-07-01,,,,0,false,,false,,,18efcc81-070c-41aa-8aa4-8cae27d91469
997340f9-2133-49ae-ae52-46604c114e2e,1,Apo-zopiclone CP 500mg,,N1-1788545550318867,,,0,0,0,1,5,low,true,2026-09-13 15:21:30.537+00,2026-09-13 15:21:30.537+00,,,,,,,,0,0,0,,true,false,,,,2027-08-01,,,,0,false,,false,,,18efcc81-070c-41aa-8aa4-8cae27d91469
9ab94a97-8ad1-4218-8ef0-21c6da84705c,1,Maxilase sirop,,N1-1788545550324076,,,0,1100,0,2,5,low,true,2026-09-13 15:21:30.537+00,2026-09-13 15:21:30.537+00,,,,,,,,0,0,0,,true,false,,,,2027-05-01,,,,0,false,,false,,,18efcc81-070c-41aa-8aa4-8cae27d91469
9b694855-0db6-499e-9277-6fe7df32be7e,1,Tegretol CP 200mg,,N1-1788545550320862-1,,,0,1400,0,13,5,instock,true,2026-09-13 15:21:30.537+00,2026-09-13 15:21:30.537+00,,,,,,,,0,0,0,,true,false,,,,2028-05-01,,,,0,false,,false,,,18efcc81-070c-41aa-8aa4-8cae27d91469
9bf77517-bc52-4694-a932-0d85699ff8e6,1,Coveram 10/10mg,,N1-1788545549399484,,,0,2250,0,0,5,low,true,2026-09-13 15:21:30.537+00,2026-09-13 15:21:30.537+00,,,,,,,,0,0,0,,true,false,,,,2028-11-01,,,,0,false,,false,,,18efcc81-070c-41aa-8aa4-8cae27d91469
9e48f439-6de3-4222-8a61-90501c5025c0,1,Rabirchamber Small,,N1-1788545550297663,,,0,0,0,4,5,low,true,2026-09-13 15:21:30.537+00,2026-09-13 15:21:30.537+00,,,,,,,,0,0,0,,true,false,,,,,,,,0,false,,false,,,18efcc81-070c-41aa-8aa4-8cae27d91469
9f81e325-8afa-4af1-95ed-f3a9d44a45fa,1,Astaph sirop 125mg,,N1-1788545549354558,,,0,1000,0,5,5,low,true,2026-09-13 15:21:30.537+00,2026-09-13 15:21:30.537+00,,,,,,,,0,0,0,,true,false,,,,2028-06-01,,,,0,false,,false,,,18efcc81-070c-41aa-8aa4-8cae27d91469
a0782ab3-98b3-4dc8-a825-0d786257570a,1,Doliprane 150mg suppositoire 8-12kg,,N1-1788545550280313,,,0,650,0,9,5,instock,true,2026-09-13 15:21:30.537+00,2026-09-13 15:21:30.537+00,,,,,,,,0,0,0,,true,false,,,,2027-08-01,,,,0,false,,false,,,18efcc81-070c-41aa-8aa4-8cae27d91469
a11ecabf-5110-41e8-9767-3ab9ab2da880,1,Hélicidine sans sucre oral,,N1-1788545549345580-1,,,0,1450,0,4,5,low,true,2026-09-13 15:21:30.537+00,2026-09-13 15:21:30.537+00,,,,,,,,0,0,0,,true,false,,,,2028-09-01,,,,0,false,,false,,,18efcc81-070c-41aa-8aa4-8cae27d91469
a2227618-dd05-4a6e-9108-a34b937705c1,1,Perfuseur,P0100000178,N1-1789316769785000,,,0,100,100,12,0,instock,true,2026-09-13 19:26:09.756+00,2026-09-13 19:26:09.839+00,,,,,,,,0,0,0,,true,false,,,,2027-10-01,,,14,0,false,,false,,,18efcc81-070c-41aa-8aa4-8cae27d91469
a30a1ddb-ad73-4fac-aea8-4c0a7c5cd6de,1,Otofa rifamycine auriculaire,,N1-1788545549968920,,,0,1200,0,1,5,low,true,2026-09-13 15:21:30.537+00,2026-09-13 15:21:30.537+00,,,,,,,,0,0,0,,true,false,,,,2027-09-01,,,,0,false,,false,,,18efcc81-070c-41aa-8aa4-8cae27d91469
a6d94f05-895a-4bd0-985b-42fb09bd0d29,1,nexium 40mg  comprimes,P0100000164,N1-1788627010182121,,,0,1750,0,11,0,instock,true,2026-09-13 15:21:30.537+00,2026-09-13 15:21:30.537+00,,,,,,,,0,0,0,,true,false,,,,,,,,0,false,,false,,,18efcc81-070c-41aa-8aa4-8cae27d91469
a8add4dc-b815-42ab-929d-a1ce04dc7fa3,1,Dynamogen ampoul buvable packet,P0100000162,N1-1788550840062494,,,0,1600,0,4,0,instock,true,2026-09-13 15:21:30.537+00,2026-09-13 19:27:27.631+00,,,,,,,,0,0,0,,true,false,,,,2030-01-09,,,,0,false,,false,,,18efcc81-070c-41aa-8aa4-8cae27d91469
a9d7a3cc-15b7-459b-88ee-b142b9c0ba93,1,Atarax 25mg,,N1-1788545549369517-1,,,0,1000,0,2,5,low,true,2026-09-13 15:21:30.537+00,2026-09-13 15:21:30.537+00,,,,,,,,0,0,0,,true,false,,,,2027-08-01,,,,0,false,,false,,,18efcc81-070c-41aa-8aa4-8cae27d91469
a9dc7dab-d35e-4f9d-970e-dcefdf285f66,1,Ofrivid 10ml collyre,,N1-1788545549993784,,,0,1000,0,10,5,instock,true,2026-09-13 15:21:30.537+00,2026-09-13 15:21:30.537+00,,,,,,,,0,0,0,,true,false,,,,2026-12-01,,,,0,false,,false,,,18efcc81-070c-41aa-8aa4-8cae27d91469
aa8a0d95-7869-4665-aeb0-be687f908b14,1,Augmentin enfant sirop 100mg,,N1-1788545549349581,,,0,1600,0,11,5,instock,true,2026-09-13 15:21:30.537+00,2026-09-13 19:15:43.207+00,,,,,,,,0,0,0,,true,false,,,,2027-06-01,,,,0,false,,false,,,18efcc81-070c-41aa-8aa4-8cae27d91469
ab8c68b9-b176-48c5-82c5-dfeaca529329,1,Cotareg 80/12.5mg comprimés,,N1-1788545549369517,,,0,1500,0,1,5,low,true,2026-09-13 15:21:30.537+00,2026-09-13 15:21:30.537+00,,,,,,,,0,0,0,,true,false,,,,2027-06-01,,,,0,false,,false,,,18efcc81-070c-41aa-8aa4-8cae27d91469
acbf77e7-0bfd-4478-b58a-6e379f7207ae,1,Doliprane 500mg comprimés,,N1-1788545549984220,,,0,600,0,28,5,instock,true,2026-09-13 15:21:30.537+00,2026-09-13 15:21:30.537+00,,,,,,,,0,0,0,,true,false,,,,2028-03-01,,,,0,false,,false,,,18efcc81-070c-41aa-8aa4-8cae27d91469
adeb6328-a493-4233-987f-903826000b61,1,Parogencyl menthe 75ml,,N1-1788545550290295,,,0,1150,0,3,5,low,true,2026-09-13 15:21:30.537+00,2026-09-13 15:21:30.537+00,,,,,,,,0,0,0,,true,false,,,,,,,,0,false,,false,,,18efcc81-070c-41aa-8aa4-8cae27d91469
ae7b18ed-2014-40cc-bce1-f54545550ab5,1,Fervex adultes 8 sachets,,N1-1788545549979910,,,0,1000,0,5,5,low,true,2026-09-13 15:21:30.537+00,2026-09-13 15:21:30.537+00,,,,,,,,0,0,0,,true,false,,,,2028-09-01,,,,0,false,,false,,,18efcc81-070c-41aa-8aa4-8cae27d91469
b1189167-a7f9-48d4-9fcb-bb28b0c92444,1,RL sodium 500ml,,N1-1788545549998088-2,,,0,0,0,3,5,low,true,2026-09-13 15:21:30.537+00,2026-09-13 15:21:30.537+00,,,,,,,,0,0,0,,true,false,,,,2028-05-01,,,,0,false,,false,,,18efcc81-070c-41aa-8aa4-8cae27d91469
b2909ad9-10c4-48af-87dd-2ba1a948aa9b,1,Bemiks ampoul LE,P0100000170,N1-1788678590797915,,,0,300,0,10,0,instock,true,2026-09-13 15:21:30.537+00,2026-09-13 18:51:16.744+00,,,,,,,,0,0,0,,true,false,,,,2028-10-01,,,,0,false,,false,,,18efcc81-070c-41aa-8aa4-8cae27d91469
b4b5b835-e038-41eb-9227-0187251e39fc,1,Azithro sirop 200mg/5ml,,N1-1788545550317872,,,0,1000,0,5,5,low,true,2026-09-13 15:21:30.537+00,2026-09-13 19:20:27.483+00,,,,,,,,0,0,0,,true,false,,,,2028-11-01,,,,0,false,,false,,,18efcc81-070c-41aa-8aa4-8cae27d91469
ba01d56a-0e93-4064-917f-455c6e91cb64,1,Smecta sachets,,N1-1788545550311930,,,0,700,0,2,5,low,true,2026-09-13 15:21:30.537+00,2026-09-13 15:21:30.537+00,,,,,,,,0,0,0,,true,false,,,,2028-01-01,,,,0,false,,false,,,18efcc81-070c-41aa-8aa4-8cae27d91469
baee3f7e-38cd-403a-b73f-f2fcc4a1aea0,1,Mag 2 comprimés,,N1-1788545549387468,,,0,1600,0,3,5,low,true,2026-09-13 15:21:30.537+00,2026-09-13 20:02:49.486+00,,,,,,,,0,0,0,,true,false,,,,2028-02-01,,,,0,false,,false,,,18efcc81-070c-41aa-8aa4-8cae27d91469
bc0e89ee-05a5-42af-a5e4-73ac49c8eb62,1,Nuravit sirop 125ml,,N1-1788545549933512,,,0,1100,0,1,5,low,true,2026-09-13 15:21:30.537+00,2026-09-13 15:21:30.537+00,,,,,,,,0,0,0,,true,false,,,,2027-06-01,,,,0,false,,false,,,18efcc81-070c-41aa-8aa4-8cae27d91469
bdbfa3b1-ef0e-4aa5-a1b1-48904d2f9541,1,Flagyl 500mg comprimés,,N1-1788545549962301,,,0,1100,0,7,5,instock,true,2026-09-13 15:21:30.537+00,2026-09-13 19:24:24.647+00,,,,,,,,0,0,0,,true,false,,,,2027-01-01,,,,0,false,,false,,,18efcc81-070c-41aa-8aa4-8cae27d91469
bfdb54b1-ef15-46bb-af85-a91ac48b91e9,1,Décontractyl méphésine comprimés,,N1-1788545549365528,,,0,1500,0,5,5,low,true,2026-09-13 15:21:30.537+00,2026-09-13 15:21:30.537+00,,,,,,,,0,0,0,,true,false,,,,2026-09-01,,,,0,false,,false,,,18efcc81-070c-41aa-8aa4-8cae27d91469
c163d79d-c9c3-49c7-9029-cd69f4d1a80e,1,Phenergan sirop adultes,,N1-1788545550325761,,,0,700,0,7,5,instock,true,2026-09-13 15:21:30.537+00,2026-09-13 15:21:30.537+00,,,,,,,,0,0,0,,true,false,,,,2027-01-01,,,,0,false,,false,,,18efcc81-070c-41aa-8aa4-8cae27d91469
c73f889d-874c-41ea-b6dd-6b2ff72616eb,1,Insulin glargine 3ml,,N1-1788545550286308,,,0,600,0,7,5,instock,true,2026-09-13 15:21:30.537+00,2026-09-13 15:21:30.537+00,,,,,,,,0,0,0,,true,false,,,,2028-02-01,,,,0,false,,false,,,18efcc81-070c-41aa-8aa4-8cae27d91469
c76fc06e-76bb-42a0-a559-aa3300aeea87,1,Tributine 250ml suspension buvable,,N1-1788545549977258,,,0,1100,0,1,5,low,true,2026-09-13 15:21:30.537+00,2026-09-13 15:21:30.537+00,,,,,,,,0,0,0,,true,false,,,,2027-04-01,,,,0,false,,false,,,18efcc81-070c-41aa-8aa4-8cae27d91469
c9f2d4ee-870b-4320-b5a1-49064e71d3dd,1,Parodontax bain de bouche 500ml,P0100000161,N1-1788550248818768,,,0,1200,0,5,0,instock,true,2026-09-13 15:21:30.537+00,2026-09-13 15:21:30.537+00,,,,,,,,0,0,0,,true,false,,,,2027-04-04,,,,0,false,,false,,,18efcc81-070c-41aa-8aa4-8cae27d91469
ca675deb-8bc1-4790-b1de-d6f3254967e3,1,On Call Plus bandelettes,,N1-1788545550313881,,,0,1500,0,12,5,instock,true,2026-09-13 15:21:30.537+00,2026-09-13 15:21:30.537+00,,,,,,,,0,0,0,,true,false,,,,2027-06-01,,,,0,false,,false,,,18efcc81-070c-41aa-8aa4-8cae27d91469
cdcccbbc-0fa5-42f6-bb69-df03231c52ec,1,Difal 50mg comprimé,,N1-1788545549368521,,,0,700,0,10,5,instock,true,2026-09-13 15:21:30.537+00,2026-09-13 18:47:43.423+00,,,,,,,,0,0,0,,true,false,,,,,,,,0,false,,false,,,18efcc81-070c-41aa-8aa4-8cae27d91469
cef91e36-9821-45a4-972d-5fadaa6a827b,1,Voltaren Emulgel 1%,,N1-1788545550326378,,,0,850,0,5,5,low,true,2026-09-13 15:21:30.537+00,2026-09-13 18:56:34.785+00,,,,,,,,0,0,0,,true,false,,,,2028-10-01,,,,0,false,,false,,,18efcc81-070c-41aa-8aa4-8cae27d91469
d03604e3-6e72-462e-a2b6-a4bfa31a82e4,1,Paracétamol infusion 100ml,,N1-1788545549999085-3,,,0,700,0,15,5,instock,true,2026-09-13 15:21:30.537+00,2026-09-13 15:21:30.537+00,,,,,,,,0,0,0,,true,false,,,,2027-07-01,,,,0,false,,false,,,18efcc81-070c-41aa-8aa4-8cae27d91469
d33900f8-af92-4715-80c8-96ecdde9f4bd,1,Omeprazole Viatris 20mg,,N1-1788545549940366,,,0,1400,0,4,5,low,true,2026-09-13 15:21:30.537+00,2026-09-14 18:32:33.886+00,,,,,,,,0,0,0,,true,false,,,,2027-10-01,,,,0,false,,false,,,18efcc81-070c-41aa-8aa4-8cae27d91469
d34d6582-6847-488d-83e4-490ed4ed1da0,1,Nexium 20mg 28 comprimés,,N1-1788545549937341,,,0,1500,0,12,5,instock,true,2026-09-13 15:21:30.537+00,2026-09-13 15:21:30.537+00,,,,,,,,0,0,0,,true,false,,,,2026-10-01,,,,0,false,,false,,,18efcc81-070c-41aa-8aa4-8cae27d91469
d4435392-3c23-454d-94e1-e43c13668ba6,1,Duphalac sirop 200ml,,N1-1788545549975573,,,0,850,0,3,5,low,true,2026-09-13 15:21:30.537+00,2026-09-14 16:01:55.614+00,,,,,,,,0,0,0,,true,false,,,,2028-04-01,,,,0,false,,false,,,18efcc81-070c-41aa-8aa4-8cae27d91469
d6948457-3806-49f4-a846-383a094c1449,1,Glucophage 500mg,,N1-1788545549989821,,,0,600,0,5,5,low,true,2026-09-13 15:21:30.537+00,2026-09-13 15:21:30.537+00,,,,,,,,0,0,0,,true,false,,,,2029-05-01,,,,0,false,,false,,,18efcc81-070c-41aa-8aa4-8cae27d91469
dd5407fb-3dc7-4909-afcc-825fb0a581c1,1,Alvityl 12 vitamines 40 comprimés,P0100000039,N1-1788545549929475,,,0,1400,0,4,5,low,true,2026-09-13 15:21:30.537+00,2026-09-13 15:21:30.537+00,,,,,,,,0,0,0,,true,false,,,,2028-05-01,,,,0,false,,false,,,18efcc81-070c-41aa-8aa4-8cae27d91469
ddeddc06-472f-440f-8fa9-ee3ae2d68bd9,1,Prednisone 5mg comprimés,P0100000175,N1-1789315977153000,,,0,800,800,5,0,instock,true,2026-09-13 19:12:57.117+00,2026-09-13 19:12:57.192+00,,,,,,,,0,0,0,,true,false,,,,2028-09-01,,,14,0,false,,false,,,18efcc81-070c-41aa-8aa4-8cae27d91469
df82c8f6-a379-4e07-850a-f2bfd2cd4a14,1,mag 2 ampoule,P0100000184,N1-1789321403004000,,,0,1900,1900,0,0,low,true,2026-09-13 20:43:22.963+00,2026-09-13 20:43:23.034+00,,,,,,,,0,0,0,,true,false,,,,,,,,0,false,,false,,,18efcc81-070c-41aa-8aa4-8cae27d91469
df988ebc-c0fd-45bc-9aa0-bcd372c49f15,1,Nozinan 25mg comprimés,,N1-1788545549995097-1,,,0,1600,0,19,5,instock,true,2026-09-13 15:21:30.537+00,2026-09-13 15:21:30.537+00,,,,,,,,0,0,0,,true,false,,,,2027-09-01,,,,0,false,,false,,,18efcc81-070c-41aa-8aa4-8cae27d91469
e16c1faf-03ce-4b7e-bdca-f62e745e56e2,1,"Betastene 0,05% gouttes",,N1-1788545550310895,,,0,1400,0,5,5,low,true,2026-09-13 15:21:30.537+00,2026-09-13 15:21:30.537+00,,,,,,,,0,0,0,,true,false,,,,2027-11-01,,,,0,false,,false,,,18efcc81-070c-41aa-8aa4-8cae27d91469
e4af2c3f-2a0c-46b2-9019-d12f751a3176,1,Nozinan 100mg comprimés,,N1-1788545549995097-3,,,0,2300,0,13,5,instock,true,2026-09-13 15:21:30.537+00,2026-09-13 15:21:30.537+00,,,,,,,,0,0,0,,true,false,,,,2027-02-01,,,,0,false,,false,,,18efcc81-070c-41aa-8aa4-8cae27d91469
e5099630-f199-441a-9951-108ced452158,1,Betadine dermique 125ml,,N1-1788545550000084,,,0,750,0,8,5,instock,true,2026-09-13 15:21:30.537+00,2026-09-13 15:21:30.537+00,,,,,,,,0,0,0,,true,false,,,,2027-09-01,,,,0,false,,false,,,18efcc81-070c-41aa-8aa4-8cae27d91469
e7a7183d-6aeb-4835-afcb-c41a4edd58be,1,Oroken sirop 100mg/5ml,,N1-1788545550319869,,,0,3000,0,4,5,low,true,2026-09-13 15:21:30.537+00,2026-09-13 15:21:30.537+00,,,,,,,,0,0,0,,true,false,,,,2027-03-01,,,,0,false,,false,,,18efcc81-070c-41aa-8aa4-8cae27d91469
ed92014f-9110-4038-8e4a-fa6e655db178,1,Janumet 50/1000mg,,N1-1788545549974286,,,0,2800,0,5,5,low,true,2026-09-13 15:21:30.537+00,2026-09-13 15:21:30.537+00,,,,,,,,0,0,0,,true,false,,,,,,,,0,false,,false,,,18efcc81-070c-41aa-8aa4-8cae27d91469
f04c6302-911b-4ba4-a826-ac22734098c9,1,Paracétamol 500mg gélules,,N1-1788545549985392,,,0,400,0,1,5,low,true,2026-09-13 15:21:30.537+00,2026-09-13 15:21:30.537+00,,,,,,,,0,0,0,,true,false,,,,2027-03-01,,,,0,false,,false,,,18efcc81-070c-41aa-8aa4-8cae27d91469
f09248dd-9087-439e-a462-355d667ba58a,1,GPRact 20mg comprimés,,N1-1788545550301633,,,0,0,0,14,5,instock,true,2026-09-13 15:21:30.537+00,2026-09-13 15:21:30.537+00,,,,,,,,0,0,0,,true,false,,,,2027-07-01,,,,0,false,,false,,,18efcc81-070c-41aa-8aa4-8cae27d91469
f10308e5-8565-4d8b-9dd0-f18251386099,1,Pevaryl crème 1%,,N1-1788545550322082,,,0,1200,0,4,5,low,true,2026-09-13 15:21:30.537+00,2026-09-13 15:21:30.537+00,,,,,,,,0,0,0,,true,false,,,,2026-10-01,,,,0,false,,false,,,18efcc81-070c-41aa-8aa4-8cae27d91469
f18746b0-9366-4537-8e1a-0489ef7a58ad,1,Gaviscon buvable 24 sachets,,N1-1788545549931472,,,0,1700,0,5,5,low,true,2026-09-13 15:21:30.537+00,2026-09-13 15:21:30.537+00,,,,,,,,0,0,0,,true,false,,,,2027-09-01,,,,0,false,,false,,,18efcc81-070c-41aa-8aa4-8cae27d91469
f33164cd-f2d6-4759-b084-90e68b0ac0a9,1,pole ECBU,,N1-1788545550001081-1,,,0,100,0,26,5,instock,true,2026-09-13 15:21:30.537+00,2026-09-13 15:21:30.537+00,,,,,,,,0,0,0,,true,false,,,,2030-12-01,,,,0,false,,false,,,18efcc81-070c-41aa-8aa4-8cae27d91469
f7805607-4b87-4191-a37b-3d06e1a17dbe,1,Efferalgan sirop 3%,,N1-1788545549348572,,,0,700,0,27,5,instock,true,2026-09-13 15:21:30.537+00,2026-09-13 15:21:30.537+00,,,,,,,,0,0,0,,true,false,,,,2028-09-01,,,,0,false,,false,,,18efcc81-070c-41aa-8aa4-8cae27d91469
f98d1c82-2d2f-4db7-b783-df2ff1e99313,1,Pantoprazole 20mg comprimés,P0100000174,N1-1789315684449000,,,0,1700,1700,3,0,instock,true,2026-09-13 19:08:04.396+00,2026-09-13 19:08:04.479+00,,,,,,,,0,0,0,,true,false,,,,2027-10-01,,,5,0,false,,false,,,18efcc81-070c-41aa-8aa4-8cae27d91469
fa18629c-d881-43f5-abab-72604c19fa23,1,Gelphore sirop 125ml,,N1-1788545549987005,,,0,0,0,1,5,low,true,2026-09-13 15:21:30.537+00,2026-09-13 15:21:30.537+00,,,,,,,,0,0,0,,true,false,,,,2027-05-01,,,,0,false,,false,,,18efcc81-070c-41aa-8aa4-8cae27d91469
faec0ed7-51d2-4abf-a032-c39075ca5380,1,Dynamogen ampoul 20 pcs buval 3mg,,N1-1788545549350578-1,,,0,100,0,20,5,instock,true,2026-09-13 15:21:30.537+00,2026-09-13 19:27:09.359+00,,,,,,,,0,0,0,,true,false,,,,2029-10-01,,,,0,false,,false,,,18efcc81-070c-41aa-8aa4-8cae27d91469
fbe40869-3f3e-432a-809d-33eb5ec7218f,1,Magnésie poudre,,N1-1788545550308897,,,0,1600,0,6,5,instock,true,2026-09-13 15:21:30.537+00,2026-09-13 20:42:20.058+00,,,,,,,,0,0,0,,true,false,,,,2028-12-01,,,,0,false,,false,,,18efcc81-070c-41aa-8aa4-8cae27d91469
fbe7bc36-04f2-4ddc-9583-0e950794a1d3,1,Polygynax capsule vaginal,,N1-1788545549992525,,,0,0,0,8,5,instock,true,2026-09-13 15:21:30.537+00,2026-09-13 15:21:30.537+00,,,,,,,,0,0,0,,true,false,,,,2027-01-01,,,,0,false,,false,,,18efcc81-070c-41aa-8aa4-8cae27d91469
fc8b0e0c-19b4-46c2-bb43-5fcdd12f7c91,1,Broncathiol sirop enfant 2%,,N1-1788545549340597,,,0,1100,0,11,5,instock,true,2026-09-13 15:21:30.537+00,2026-09-13 15:21:30.537+00,,,,,,,,0,0,0,,true,false,,,,2027-01-01,,,,0,false,,false,,,18efcc81-070c-41aa-8aa4-8cae27d91469
fed1fcbb-f98f-491d-bd0a-7f48686e2958,1,"Zentel sirop 0,4g",,N1-1788545549367551,,,0,900,0,0,5,low,true,2026-09-13 15:21:30.537+00,2026-09-13 15:21:30.537+00,,,,,,,,0,0,0,,true,false,,,,2027-09-01,,,,0,false,,false,,,18efcc81-070c-41aa-8aa4-8cae27d91469