web_scraper_order,web_scraper_start_url,data,data2,data3,data4,data5,data6,data7,data8,image
"1776069304-1","https://www.kikidrop.com/en/list","Burger King Gabode","Gabode","40 mins","12.65 Km","11:00 -  22:30","4.2","","Sponsored","https://d2sz1kgdtrlf1n.cloudfront.net/yelo_products/thumb-250-250-2yhnpyl9E5qCTz1753614978253-LOGO20BK.avif"
"1776069304-2","https://www.kikidrop.com/en/list","Hummus Republic-cuisine Libanaise","djibouti","50 mins","13.83 Km","11:00 -  14:59","4.6","","Sponsored","https://d2sz1kgdtrlf1n.cloudfront.net/yelo_products/thumb-250-250-i1klmqkj6h5wU41667752394522-Copy20of20qr20code20resto20tables20201.jpg"
"1776069304-3","https://www.kikidrop.com/en/list","Sushi-Do","Aviation","55 mins","14.51 Km","11:00 -  14:00","4.5","","Sponsored","https://d2sz1kgdtrlf1n.cloudfront.net/yelo_products/thumb-250-250-k6d563bxrkB1yL1666286473411-70C36BA8F065433C811BF97E9F20A0F4.jpeg"
"1776069304-4","https://www.kikidrop.com/en/list","Ximi V","Djibouti","35 mins","1.52 Km","09:00 -  13:30","4.0","","","https://d2sz1kgdtrlf1n.cloudfront.net/yelo_products/thumb-250-250-819ffwikhkb5f71759316329565-XimiVIcon.avif"
"1776069304-5","https://www.kikidrop.com/en/list","BricoCoeur","djibouti","1 Day","10.98 Km","08:00 -  21:00","5.0","","","https://d2sz1kgdtrlf1n.cloudfront.net/yelo_products/thumb-250-250-m9d3rizmyfGOby1756193974136-WhatsApp20Image202025082320at2014.23.12.avif"
"1776069304-6","https://www.kikidrop.com/en/list","Coastal Palm Restaurant","Rue de venise waafi residence","50 mins","11.16 Km","","3.7","","","https://d2sz1kgdtrlf1n.cloudfront.net/yelo_products/thumb-250-250-7h5xrvb7thkrHA1756541904000-CoastalPalmRestaurant201.avif"
"1776069304-7","https://www.kikidrop.com/en/list","NANGADEF","cité progré devant école lumiére","1 hr, 5 mins","11.36 Km","11:00 -  17:00","4.2","","","https://d2sz1kgdtrlf1n.cloudfront.net/yelo_products/thumb-250-250-i42loirpqevFCl1641733840600-Nangadef5B205565D.jpg"
"1776069304-8","https://www.kikidrop.com/en/list","Mon secret indien","Ambouli","35 mins","11.48 Km","08:30 -  22:30","4.1","","","https://d2sz1kgdtrlf1n.cloudfront.net/yelo_products/thumb-250-250-5isxaqv0R2bj3M1732953762849-AppIcons.jpg"
"1776069304-9","https://www.kikidrop.com/en/list","MR VAPOUR","ambouli","36 mins","11.66 Km","08:00 -  23:59","","","","https://d2sz1kgdtrlf1n.cloudfront.net/yelo_products/thumb-250-250-iggz625aoa9MoR1769677327181-MrVapour.avif"
"1776069304-10","https://www.kikidrop.com/en/list","PHARMACIE AL HAYAT","Dar el hanan","35 mins","11.68 Km","08:00 -  13:00","4.8","","","https://d2sz1kgdtrlf1n.cloudfront.net/yelo_products/thumb-250-250-jhhgy4osd9nK1B1725789641750-AlHayat.jpg"
"1776069304-11","https://www.kikidrop.com/en/list","CAMELLIA POWDERS","Djibouti","35 mins","11.88 Km","08:30 -  12:30","4.3","","","https://d2sz1kgdtrlf1n.cloudfront.net/yelo_products/thumb-250-250-96mrfp6ud38rBE1731413858046-Camelia201.jpg"
"1776069304-12","https://www.kikidrop.com/en/list","RAHO KHAT","Cité gachamaleh","35 mins","11.89 Km","09:00 -  23:59","4.7","","","https://d2sz1kgdtrlf1n.cloudfront.net/yelo_products/thumb-250-250-8akpk4sn8a8pCJ1725948205409-Raho.jpg"
"1776069304-13","https://www.kikidrop.com/en/list","RUCHES DE DOAAN POUR LE MIEL YÉMÉNITE ET LA PARFUMERIE","Bawadi Mall, Djibouti","35 mins","11.96 Km","10:00 -  22:00","5.0","","","https://d2sz1kgdtrlf1n.cloudfront.net/yelo_products/thumb-250-250-5gtmzyb64gc6681725794500298-RucheDoan.jpg"
"1776069304-14","https://www.kikidrop.com/en/list","BARBECUE HOUSE","Bawadi Mall","37 mins","11.97 Km","09:00 -  22:00","3.0","","","https://d2sz1kgdtrlf1n.cloudfront.net/yelo_products/thumb-250-250-3kma36atumMB471706077737550-WhatsApp20Image202024012420at2009.28.30.jpeg"
"1776069304-15","https://www.kikidrop.com/en/list","KATKOUT","-","50 mins","12.02 Km","11:00 -  22:00","4.7","","","https://d2sz1kgdtrlf1n.cloudfront.net/yelo_products/thumb-250-250-aUo71587841750828-PeachpuffBrushStrokePhotographyLogo.jpg"
"1776069304-16","https://www.kikidrop.com/en/list","Chicking","Djibouti Bawadi mall Food court","45 mins","12.02 Km","00:01 -  23:59","4.1","","","https://d2sz1kgdtrlf1n.cloudfront.net/yelo_products/thumb-250-250-9b779qtof9xcjz1592926244703-Maincover.jpg"
"1776069304-17","https://www.kikidrop.com/en/list","ALBERTOS","BAWADI MALL","45 mins","12.02 Km","10:00 -  21:00","4.5","","","https://d2sz1kgdtrlf1n.cloudfront.net/yelo_products/thumb-250-250-je266hceRbvkRs1589413755659-Albertos.jpg"
"1776069304-18","https://www.kikidrop.com/en/list","PIZZA HUT - MALL","BAWADI MALL","40 mins","12.02 Km","00:01 -  23:59","4.4","","","https://d2sz1kgdtrlf1n.cloudfront.net/yelo_products/thumb-250-250-cec30hic3a7V7Q1643102993867-LOGO.png"
"1776069304-19","https://www.kikidrop.com/en/list","Cold Stone Creamery mall","BAWADI MALL","40 mins","12.02 Km","09:00 -  22:30","4.5","","","https://d2sz1kgdtrlf1n.cloudfront.net/yelo_products/thumb-250-250-g5xpweobHhC0H51640003397689-ColdStone5B194825D.jpg"
"1776069304-20","https://www.kikidrop.com/en/list","Burger King Bawadi Mall","Bawadi Mall","45 mins","12.02 Km","10:30 -  22:30","3.4","","","https://d2sz1kgdtrlf1n.cloudfront.net/yelo_products/thumb-250-250-jsr76o58O5ZdSa1675163563297-BurgerKing5B205575D.jpg"
"1776069304-21","https://www.kikidrop.com/en/list","Bawadi Bakery","Bawadi mall","40 mins","12.02 Km","07:00 -  23:30","4.3","","","https://d2sz1kgdtrlf1n.cloudfront.net/yelo_products/thumb-250-250-1r3xdyt2adfd6a1733037150630-7079394806a84d2883affd7d00be4eb9.jpg"
"1776069304-22","https://www.kikidrop.com/en/list","Pâtisserie d'ambouli","Ambouli","50 mins","12.02 Km","08:00 -  23:59","4.2","","","https://d2sz1kgdtrlf1n.cloudfront.net/yelo_products/thumb-250-250-f6ie1188N1QAWb1746092235666-WhatsApp20Image202025050120at2012.35.05.avif"
"1776069304-23","https://www.kikidrop.com/en/list","+253 TACOS","Nelson mandela","45 mins","12.38 Km","11:00 -  23:59","4.5","","","https://d2sz1kgdtrlf1n.cloudfront.net/yelo_products/thumb-250-250-hit352m5l5mooT1761942540276-IMG20250603WA0013.avif"
"1776069304-24","https://www.kikidrop.com/en/list","Jano café & restaurant","26 av Rue de Guelleh batal","55 mins","12.41 Km","08:00 -  15:00","","","","https://d2sz1kgdtrlf1n.cloudfront.net/yelo_products/thumb-250-250-e0nydqbpOjWB6l1773127199090-JH.avif"
"1776069304-25","https://www.kikidrop.com/en/list","Bento Zen","Djibouti","1 hr, 10 mins","12.51 Km","11:00 -  14:30","5.0","","","https://d2sz1kgdtrlf1n.cloudfront.net/yelo_products/thumb-250-250-eleuodhqC2yCDs1755452392542-E0350B8177064E18A1F9C88ECD1CC36B.avif"
"1776069304-26","https://www.kikidrop.com/en/list","PAPA PIZZA","Citée Saudi, en face du magasin Hancakes","35 mins","12.53 Km","11:00 -  14:30","4.5","","","https://d2sz1kgdtrlf1n.cloudfront.net/yelo_products/thumb-250-250-hqx3xzrzTdEClX1651228314910-WhatsApp20Image202022042720at2012.47.23.jpeg"
"1776069304-27","https://www.kikidrop.com/en/list","BIG HOUSE","Gabode 5","1 hr, 20 mins","12.57 Km","08:00 -  20:00","4.5","","","https://d2sz1kgdtrlf1n.cloudfront.net/yelo_products/thumb-250-250-zhavux7T9aomyS1699351965047-AppBigHouse.jpg"
"1776069304-28","https://www.kikidrop.com/en/list","MBBS MAGASIN","Gabode 5","40 mins","12.59 Km","09:00 -  22:00","5.0","","","https://d2sz1kgdtrlf1n.cloudfront.net/yelo_products/thumb-250-250-cowt00r8fl5g7z1702625990266-WhatsApp20Image202023121520at2010.39.58.jpeg"
"1776069304-29","https://www.kikidrop.com/en/list","AMORE-PASTA","Gabode 5","55 mins","12.65 Km","08:30 -  23:00","4.5","","","https://d2sz1kgdtrlf1n.cloudfront.net/yelo_products/thumb-250-250-26fa9s7p8htufV1700672429823-AmorePasta.jpg"
"1776069304-30","https://www.kikidrop.com/en/list","Sweet Home Bakery","En face de guelleh batal","35 mins","12.71 Km","08:00 -  22:00","3.9","","","https://d2sz1kgdtrlf1n.cloudfront.net/yelo_products/thumb-250-250-4owc71azOeQCCb1763904602129-SHB201.avif"
"1776069304-31","https://www.kikidrop.com/en/list","Chez Davi’do","-","55 mins","12.75 Km","11:00 -  23:00","4.1","","","https://d2sz1kgdtrlf1n.cloudfront.net/yelo_products/thumb-250-250-9xtczwivPb7Hw51691140968363-b7e96b4eaff540eda3bb4e819b9f79a4.jpeg"
"1776069304-32","https://www.kikidrop.com/en/list","MONT LIBAN","route de l'aviation","50 mins","12.76 Km","11:00 -  23:30","3.6","","","https://d2sz1kgdtrlf1n.cloudfront.net/yelo_products/thumb-250-250-6iq9p8jsohCSSn1629650155337-WhatsApp20Image202021082220at2014.11.43.jpeg"
"1776069304-33","https://www.kikidrop.com/en/list","Coldstone Creamery Gabode","Gabode","40 mins","12.76 Km","10:00 -  22:00","3.0","","","https://d2sz1kgdtrlf1n.cloudfront.net/yelo_products/thumb-250-250-lmg38q49jk5m5Q1753869748303-C0H51640003397689ColdStone5B194825D.avif"
"1776069304-34","https://www.kikidrop.com/en/list","LE MOULIN","GABODE 5","40 mins","12.78 Km","10:00 -  15:00","5.0","","","https://d2sz1kgdtrlf1n.cloudfront.net/yelo_products/thumb-250-250-9o4c9npvvf5mvz1631543684557-LeMoulin5B140445D.jpg"
"1776069304-35","https://www.kikidrop.com/en/list","O' TACOS DE LYON","A coté de l'Hôtel l'aube","40 mins","12.91 Km","11:00 -  15:00","4.4","","","https://d2sz1kgdtrlf1n.cloudfront.net/yelo_products/thumb-250-250-79w47p6hogeZVi1706291868166-8A22B72EBB244499BF3F9113AF8C7EC3.jpeg"
"1776069304-36","https://www.kikidrop.com/en/list","MARKI RESTAURANT","Gabode 5","40 mins","12.91 Km","11:00 -  15:00","4.1","","","https://d2sz1kgdtrlf1n.cloudfront.net/yelo_products/thumb-250-250-6k3lqbsni4PNFi1709632164580-Marki.jpg"
"1776069304-37","https://www.kikidrop.com/en/list","Healthy Zone","Free Zone","40 mins","12.94 Km","08:00 -  14:00","4.5","","","https://d2sz1kgdtrlf1n.cloudfront.net/yelo_products/thumb-250-250-90qlts05qePDOR1737526304733-HealthyZone.jpg"
"1776069304-38","https://www.kikidrop.com/en/list","Khaty's Shop","GABODE 3","35 mins","13.00 Km","09:00 -  23:59","5.0","","","https://d2sz1kgdtrlf1n.cloudfront.net/yelo_products/thumb-250-250-9eehg7u8G2UKcr1748241127826-WhatsApp20Image202025052420at2018.16.35.avif"
"1776069304-39","https://www.kikidrop.com/en/list","L'ATYPIQUE","L'Atypique 5em Riaom","50 mins","13.06 Km","11:00 -  14:00","4.0","","","https://d2sz1kgdtrlf1n.cloudfront.net/yelo_products/thumb-250-250-13qt62owB8qtBh1679831464906-WhatsApp20Image202023032620at2014.50.31.jpeg"
"1776069304-40","https://www.kikidrop.com/en/list","SABLES BLANCS","-","1 hr","13.12 Km","08:00 -  14:30","4.5","","","https://d2sz1kgdtrlf1n.cloudfront.net/yelo_products/thumb-250-250-kwra846nah63fO1603658741409-WhatsAppImage20201025at09.44.07.jpeg"
"1776069304-41","https://www.kikidrop.com/en/list","SH Beauty Box","djibouti","1 hr, 20 mins","13.16 Km","00:01 -  23:59","5.0","","","https://d2sz1kgdtrlf1n.cloudfront.net/yelo_products/thumb-250-250-2qbihmyfH3jmRz1701424590298-SH.jpg"
"1776069304-42","https://www.kikidrop.com/en/list","PAIEMENT DE FACTURES ET PLANTON","Djibouti","40 mins","13.18 Km","08:00 -  23:30","5.0","","","https://d2sz1kgdtrlf1n.cloudfront.net/yelo_products/thumb-250-250-ab8xixlfEhPgPi1632934774226-KikiServices5B160165D.jpg"
"1776069304-43","https://www.kikidrop.com/en/list","Papou's Coffee Corner","Djibouti","40 mins","13.27 Km","08:00 -  21:00","5.0","","","https://d2sz1kgdtrlf1n.cloudfront.net/yelo_products/thumb-250-250-c8tiwk1oHmn4Sa1759238416432-WhatsApp20Image202025093020at2016.00.03.avif"
"1776069304-44","https://www.kikidrop.com/en/list","Al haramain Perfumes","hamoudi mall","35 mins","13.30 Km","09:00 -  22:00","5.0","","","https://d2sz1kgdtrlf1n.cloudfront.net/yelo_products/thumb-250-250-2iwk7kh44oYhBK1746613380467-AlHaramain.avif"
"1776069304-45","https://www.kikidrop.com/en/list","PHARMACIE TAYBA","Centre commercial hamoudi","35 mins","13.31 Km","08:00 -  13:00","5.0","","","https://d2sz1kgdtrlf1n.cloudfront.net/yelo_products/thumb-250-250-iig3v1tvw4IirJ1725789684372-Tayba.jpg"
"1776069304-46","https://www.kikidrop.com/en/list","PAPPAROTI","Immeuble Waafi Residence","40 mins","13.34 Km","07:30 -  22:00","4.4","","","https://d2sz1kgdtrlf1n.cloudfront.net/yelo_products/thumb-250-250-kfaws0cfH2Bv041758732750651-IMG8586.avif"
"1776069304-47","https://www.kikidrop.com/en/list","Coastal Palm Coffee","Waafi résidence  La corniche","40 mins","13.35 Km","","","","","https://d2sz1kgdtrlf1n.cloudfront.net/yelo_products/thumb-250-250-a6s6kdljQdCPQo1756120823914-CoastalPalmCoffee201.avif"
"1776069304-48","https://www.kikidrop.com/en/list","G.S.K RESTAURANT","route de l'aéroport","50 mins","13.36 Km","11:00 -  14:00","4.4","","","https://d2sz1kgdtrlf1n.cloudfront.net/yelo_products/thumb-250-250-bbroy2tz0lPWNl1766829979723-IMG20251213WA0018.avif"
"1776069304-49","https://www.kikidrop.com/en/list","Shakpot - Tacos & more","Gabode 4","40 mins","13.37 Km","11:30 -  14:00","4.4","","","https://d2sz1kgdtrlf1n.cloudfront.net/yelo_products/thumb-250-250-f602pekbi95h261748704443379-shakpot202.avif"
"1776069304-50","https://www.kikidrop.com/en/list","APPETITO RESTAURANT","Hamoudi mall","50 mins","13.37 Km","11:00 -  23:00","4.4","","","https://d2sz1kgdtrlf1n.cloudfront.net/yelo_products/thumb-250-250-3ghkq3ukFbIZax1701647356232-CE8C35DC72A34AF4A950F4BF14841FE7.jpeg"
"1776069304-51","https://www.kikidrop.com/en/list","CTR CHICKEN","hamoudi mall 2éme étage","35 mins","13.37 Km","11:00 -  21:45","3.6","","","https://d2sz1kgdtrlf1n.cloudfront.net/yelo_products/thumb-250-250-cc2ez3mwgkzeml1735498944238-3.jpg"
"1776069304-52","https://www.kikidrop.com/en/list","Cosmo","Dibouti","1 hr","13.39 Km","09:30 -  13:30","","","","https://d2sz1kgdtrlf1n.cloudfront.net/yelo_products/thumb-250-250-37u1h1ziTmV4MX1772113835043-cosmoblue20registered206.avif"
"1776069304-53","https://www.kikidrop.com/en/list","LA FONTAINE","Rue de paris","40 mins","13.39 Km","09:00 -  22:30","4.0","","","https://d2sz1kgdtrlf1n.cloudfront.net/yelo_products/thumb-250-250-kcewxmm5nkMrCA1630321573983-LaFontaine5B150325D.jpg"
"1776069304-54","https://www.kikidrop.com/en/list","PHARMACIE LA NATION","CENTRE VILLE","40 mins","13.40 Km","08:00 -  13:00","4.5","","","https://d2sz1kgdtrlf1n.cloudfront.net/yelo_products/thumb-250-250-eumxbf0zgaP3x31701646584152-Untitled20design.jpeg"
"1776069304-55","https://www.kikidrop.com/en/list","The First Coffee","route de l'aéroport","40 mins","13.44 Km","08:00 -  23:00","5.0","","","https://d2sz1kgdtrlf1n.cloudfront.net/yelo_products/thumb-250-250-b6hldpknb2Wizw1758645619867-IMG20250917WA0028.avif"
"1776069304-56","https://www.kikidrop.com/en/list","JANATEYN","Centre national de tennis à djibouti","50 mins","13.45 Km","11:00 -  22:30","4.6","","","https://d2sz1kgdtrlf1n.cloudfront.net/yelo_products/thumb-250-250-4bdgxpw2BjxWNr1637510615738-Jantayen5B169925D.jpg"
"1776069304-57","https://www.kikidrop.com/en/list","PAUSE CAFE","-","50 mins","13.48 Km","08:00 -  21:00","2.8","","","https://d2sz1kgdtrlf1n.cloudfront.net/yelo_products/thumb-250-250-gth2p9uyCiybFs1648845292547-WhatsApp20Image202022033120at2021.09.34201.jpeg"
"1776069304-58","https://www.kikidrop.com/en/list","PIZZA HUT GABODE","WAAFI RESIDENCE","40 mins","13.51 Km","10:00 -  22:30","3.6","","","https://d2sz1kgdtrlf1n.cloudfront.net/yelo_products/thumb-250-250-qx0td2jf84nNnS1706890460657-LOGO.png"
"1776069304-59","https://www.kikidrop.com/en/list","V.P SINGH RESTAURANT","Place du 27 Juin","50 mins","13.52 Km","11:00 -  15:10","4.3","","","https://d2sz1kgdtrlf1n.cloudfront.net/yelo_products/thumb-250-250-4vky3w9x9ea7Ss1706292072527-361C67F15E684B549B40275A734CA18D.jpeg"
"1776069304-60","https://www.kikidrop.com/en/list","PHARMACIE INTERNATIONAL","Centre-ville","35 mins","13.53 Km","08:00 -  13:00","2.0","","","https://d2sz1kgdtrlf1n.cloudfront.net/yelo_products/thumb-250-250-7nqyn0nnN4lEXv1725789627549-PharmacyInternational.jpg"
"1776069304-61","https://www.kikidrop.com/en/list","Djollof kitchen","Centre ville rue en face restaurant santal","1 hr","13.53 Km","08:00 -  23:59","5.0","","","https://d2sz1kgdtrlf1n.cloudfront.net/yelo_products/thumb-250-250-bkzzl5y8paDna11771852925062-Djollof.avif"
"1776069304-62","https://www.kikidrop.com/en/list","WALLY SHOP","Rue de londres","40 mins","13.54 Km","10:00 -  13:00","5.0","","","https://d2sz1kgdtrlf1n.cloudfront.net/yelo_products/thumb-250-250-e5g9guunreOi1i1706292136745-2B063E3DD58344219FBE814C207CA850.jpeg"
"1776069304-63","https://www.kikidrop.com/en/list","Pizzaiolo Centre ville","djibouti","1 hr, 5 mins","13.56 Km","11:00 -  15:00","4.3","","","https://d2sz1kgdtrlf1n.cloudfront.net/yelo_products/thumb-250-250-2ulu5bt6CgIumc1628420496240-Pizzaiolo5B140475D.jpg"
"1776069304-64","https://www.kikidrop.com/en/list","LA CHAUMIERE","-","50 mins","13.58 Km","11:00 -  23:00","4.2","","","https://d2sz1kgdtrlf1n.cloudfront.net/yelo_products/thumb-250-250-2gdvdtonyc5k8i1588166044027-Lachaumiere1.jpg"
"1776069304-65","https://www.kikidrop.com/en/list","LA FUSION","Hypermarché Al gamil","50 mins","13.58 Km","11:00 -  15:00","5.0","","","https://d2sz1kgdtrlf1n.cloudfront.net/yelo_products/thumb-250-250-ksg7kvd10dr3D91765796035747-WhatsApp20Image202025121520at2013.51.59.avif"
"1776069304-66","https://www.kikidrop.com/en/list","RESTAURANT BONNE FAMILLE","Avenue 13","40 mins","13.60 Km","11:00 -  14:00","5.0","","","https://d2sz1kgdtrlf1n.cloudfront.net/yelo_products/thumb-250-250-fb4q1vskrcN1HZ1725789127716-BonneFamille.jpg"
"1776069304-67","https://www.kikidrop.com/en/list","Han's Cake","centre ville","50 mins","13.62 Km","08:00 -  22:30","4.6","","","https://d2sz1kgdtrlf1n.cloudfront.net/yelo_products/thumb-250-250-ir81nsng4auMNQ1627124846251-WhatsApp20Image202021071520at2015.02.30.jpeg"
"1776069304-68","https://www.kikidrop.com/en/list","Star Coffee","Atlantic Hotel, Djibouti, Djibouti, Djibouti","45 mins","13.64 Km","08:00 -  23:00","3.0","","","https://d2sz1kgdtrlf1n.cloudfront.net/yelo_products/thumb-250-250-58whv0fi4boBpF1736700218726-IMG20250111150028348.webp"
"1776069304-69","https://www.kikidrop.com/en/list","K La Gourmande","Quartier 3 devant l'hôpital de Hallas","55 mins","13.69 Km","","","","","https://d2sz1kgdtrlf1n.cloudfront.net/yelo_products/thumb-250-250-d5saxsemh25hVG1771853079016-LaGourmande.avif"
"1776069304-70","https://www.kikidrop.com/en/list","DJIB BURGER","En face de pizzaiolo centre-ville","50 mins","13.73 Km","08:00 -  23:59","4.9","","","https://d2sz1kgdtrlf1n.cloudfront.net/yelo_products/thumb-250-250-hluwqsifhaWWce1664693915499-WhatsApp20Image202022100220at2009.23.27.jpeg"
"1776069304-71","https://www.kikidrop.com/en/list","Seven Restaurant","aviation, jules verne","50 mins","13.74 Km","11:30 -  23:59","5.0","","","https://d2sz1kgdtrlf1n.cloudfront.net/yelo_products/thumb-250-250-kb5yysx70hIRj71737526353370-Seven.jpg"
"1776069304-72","https://www.kikidrop.com/en/list","Warso Khat","Rue Bender Jedid","35 mins","13.74 Km","10:00 -  23:59","4.9","","","https://d2sz1kgdtrlf1n.cloudfront.net/yelo_products/thumb-250-250-bs1vvz0qbiyOmo1633527444723-8.jpg"
"1776069304-73","https://www.kikidrop.com/en/list","Bunna House Venise","Route de venise","50 mins","13.83 Km","08:00 -  22:00","5.0","","","https://d2sz1kgdtrlf1n.cloudfront.net/yelo_products/thumb-250-250-1mjty53xgjgaBj1760947358637-finallogo201.avif"
"1776069304-74","https://www.kikidrop.com/en/list","Pâtisserie Napoléon","Napoléon","40 mins","13.86 Km","08:00 -  22:30","3.7","","","https://d2sz1kgdtrlf1n.cloudfront.net/yelo_products/thumb-250-250-iv65au8qt31KGg1677667104707-0F7B387AF56B4703B791CEF1B609ED43.jpeg"
"1776069304-75","https://www.kikidrop.com/en/list","LET'S VAPE","Napoleon","40 mins","13.86 Km","07:30 -  23:59","4.3","","","https://d2sz1kgdtrlf1n.cloudfront.net/yelo_products/thumb-250-250-2yfohs68ikdc4t1700139869410-LetsVape.jpg"
"1776069304-76","https://www.kikidrop.com/en/list","Baby Station","Napoleon","35 mins","13.86 Km","08:00 -  23:59","4.8","","","https://d2sz1kgdtrlf1n.cloudfront.net/yelo_products/thumb-250-250-eahsu3onHaLn8x1706292107936-30E896E5AAE645B7AE067760E38CB881.jpeg"
"1776069304-77","https://www.kikidrop.com/en/list","Zawam honey","Djibouti Q3","35 mins","13.86 Km","","","","","https://d2sz1kgdtrlf1n.cloudfront.net/yelo_products/thumb-250-250-bngrwewa9loojn1765010160902-Zawam201.avif"
"1776069304-78","https://www.kikidrop.com/en/list","DELUXE","Route de venise","50 mins","13.94 Km","10:00 -  23:30","4.5","","","https://d2sz1kgdtrlf1n.cloudfront.net/yelo_products/thumb-250-250-4i6u3t8sbfhh3a1681388254547-WhatsApp20Image202023041320at2015.15.25.jpeg"
"1776069304-79","https://www.kikidrop.com/en/list","Karim flowers","Route du Kempinski","35 mins","14.11 Km","08:00 -  13:00","4.0","","","https://d2sz1kgdtrlf1n.cloudfront.net/yelo_products/thumb-250-250-63tobwbaTfS0fN1682406283235-WhatsApp20Image202023042320at2018.34.411.jpeg"
"1776069304-80","https://www.kikidrop.com/en/list","Café Barbera- SVAMC Boulaous","Boulaos","37 mins","14.14 Km","08:00 -  22:00","4.0","","","https://d2sz1kgdtrlf1n.cloudfront.net/yelo_products/thumb-250-250-ad9jz8vdChF1hD1710011486835-5AA49D3FEAE7447FA7C864F2A000EC51.jpeg"
"1776069304-81","https://www.kikidrop.com/en/list","Signatures","BCIMR bank to cash center road, heron","40 mins","14.17 Km","11:10 -  14:45","4.8","","","https://d2sz1kgdtrlf1n.cloudfront.net/yelo_products/thumb-250-250-gqs4zc4mLbQMXw1647675165550-IMG20220319WA0011.jpg"
"1776069304-82","https://www.kikidrop.com/en/list","Sing's Paradise","HERON","50 mins","14.18 Km","09:00 -  13:00","5.0","","","https://d2sz1kgdtrlf1n.cloudfront.net/yelo_products/thumb-250-250-hyr1pbbfDc7a2f1600623444832-Untitleddesign97.jpg"
"1776069304-83","https://www.kikidrop.com/en/list","ETHIOPIAN RESTAURANT","-","50 mins","14.23 Km","11:00 -  23:00","4.5","","","https://d2sz1kgdtrlf1n.cloudfront.net/yelo_products/thumb-250-250-j3wtcd3xe94XRD1593957738492-CopyofUntitled3.jpg"
"1776069304-84","https://www.kikidrop.com/en/list","Pizzailo Heron","héron","40 mins","14.39 Km","11:00 -  23:00","2.9","","","https://d2sz1kgdtrlf1n.cloudfront.net/yelo_products/thumb-250-250-r5yyskrM1msWUl1753810756217-WhatsApp20Image202025072920at2020.37.34.avif"
"1776069304-85","https://www.kikidrop.com/en/list","LA CAFET","CASINO DJIBOUTI","50 mins","14.39 Km","08:00 -  20:00","3.1","","","https://d2sz1kgdtrlf1n.cloudfront.net/yelo_products/thumb-250-250-d9fhjg3j8fQXFZ1601459597782-LACAFET1.png"
"1776069304-86","https://www.kikidrop.com/en/list","Snack Attack","Place La Garde","40 mins","14.49 Km","08:30 -  23:59","5.0","","","https://d2sz1kgdtrlf1n.cloudfront.net/yelo_products/thumb-250-250-9ce72npfN4XvhD1754118599008-SnackAttack.avif"
"1776069304-87","https://www.kikidrop.com/en/list","BAIT AL MANDI","-","55 mins","14.49 Km","11:00 -  22:00","4.6","","","https://d2sz1kgdtrlf1n.cloudfront.net/yelo_products/thumb-250-250-fhuyxe4qu95src1726830537049-IMG20240914WA0010.jpg"
"1776069304-88","https://www.kikidrop.com/en/list","LAVAZZA CAFE","Djibouti","50 mins","14.56 Km","10:00 -  18:00","5.0","","","https://d2sz1kgdtrlf1n.cloudfront.net/yelo_products/thumb-250-250-2mofm0zilbU7Oe1714739473864-Lavazza.jpg"
"1776069304-89","https://www.kikidrop.com/en/list","PIZZAIOLO HARAMOUS","Haramous, Djibouti","50 mins","14.77 Km","11:00 -  22:30","4.8","","","https://d2sz1kgdtrlf1n.cloudfront.net/yelo_products/thumb-250-250-63o5vo8c5igGvD1775987855020-pizzaiolo.avif"
"1776069304-90","https://www.kikidrop.com/en/list","Villa camille","djib","50 mins","14.82 Km","08:30 -  15:00","5.0","","","https://d2sz1kgdtrlf1n.cloudfront.net/yelo_products/thumb-250-250-dha2zirsL58SM91757511708798-VC.avif"
"1776069304-91","https://www.kikidrop.com/en/list","RESTAURANT ZHONG HUA","heron","50 mins","14.91 Km","11:30 -  14:00","4.2","","","https://d2sz1kgdtrlf1n.cloudfront.net/yelo_products/thumb-250-250-cwm6zcwn79Vi5A1636883766166-WhatsApp20Image202021111320at203.01.1920PM.jpeg"
"1776069304-92","https://www.kikidrop.com/en/list","THE CAMEL COFFEE SHOP","Derrière restaurant Longchamps","50 mins","14.91 Km","08:00 -  22:30","4.2","","","https://d2sz1kgdtrlf1n.cloudfront.net/yelo_products/thumb-250-250-ec884fgck6vNTr1665563546622-Coffee5B77355D.jpg"
"1776069304-93","https://www.kikidrop.com/en/list","Soirée marocaine","Sheraton","1 hr, 20 mins","14.97 Km","","","","Sponsored","https://d2sz1kgdtrlf1n.cloudfront.net/yelo_products/thumb-250-250-f52ds97yQ4Y84y1775994892969-WhatsApp20Image202026041120at2014.34.19.avif"
"1776069304-94","https://www.kikidrop.com/en/list","Sheraton Djibouti","HERON","50 mins","14.97 Km","08:00 -  21:00","4.3","","","https://d2sz1kgdtrlf1n.cloudfront.net/yelo_products/thumb-250-250-2qakbpx9bcLmuI1771487457580-WhatsApp20Image202026021920at2010.47.44.avif"
"1776069304-95","https://www.kikidrop.com/en/list","Glow Orginal Cosmétique","Haramous","25 mins","15.02 Km","00:01 -  23:59","5.0","","","https://d2sz1kgdtrlf1n.cloudfront.net/yelo_products/thumb-250-250-gmps42mv15ajxX1769443706102-D74A847DC68E46378B4400B149B4EC08.avif"
"1776069304-96","https://www.kikidrop.com/en/list","ImaanCake","PLATEAU DU SERPENT","2 hrs, 50 mins","15.87 Km","","3.0","","","https://d2sz1kgdtrlf1n.cloudfront.net/yelo_products/thumb-250-250-88ho23wuw7kGGZ1757485163116-WhatsApp20Image202025082820at2017.21.27.avif"
"1776069304-97","https://www.kikidrop.com/en/list","GABANE BEAUTY SHOP","Cité saoudit","35 mins","11.76 Km","","4.5","Opens today at09:00","Closed","https://d2sz1kgdtrlf1n.cloudfront.net/yelo_products/thumb-250-250-4ub6t8nlB5FUrk1720514926367-WhatsApp20Image202024070920at2011.48.24.jpeg"
"1776069304-98","https://www.kikidrop.com/en/list","MANDI HADHRAMAUT","BAWADI MALL","40 mins","12.02 Km","","3.9","Opens today at10:00","Closed","https://d2sz1kgdtrlf1n.cloudfront.net/yelo_products/thumb-250-250-bzzmzyx49fT6MF1725789061073-MandiHaradmout.jpg"
"1776069304-99","https://www.kikidrop.com/en/list","L'héritier","Djibouti","35 mins","12.64 Km","","","","Closed","https://d2sz1kgdtrlf1n.cloudfront.net/yelo_products/thumb-250-250-cqiscmvj69uOjt1768130853828-IMG20250527WA00568.avif"
"1776069304-100","https://www.kikidrop.com/en/list","Oslaw","Gabode 1","40 mins","13.30 Km","","5.0","Opens today at10:30","Closed","https://d2sz1kgdtrlf1n.cloudfront.net/yelo_products/thumb-250-250-anm1bd5zs2wOv01733123920602-WhatsApp20Image202024120220at2010.18.31.jpeg"
"1776069304-101","https://www.kikidrop.com/en/list","Smile Lounge","La 5éme aviation prés de la station","58 mins","13.47 Km","","4.4","Opens today at11:00","Closed","https://d2sz1kgdtrlf1n.cloudfront.net/yelo_products/thumb-250-250-92bpmkhfP1XGAM1712782640820-Screenshot20240410235643.jpg"
"1776069304-102","https://www.kikidrop.com/en/list","Hypermarché Al Gamil","ALGAMIL","50 mins","13.58 Km","","3.6","Opens today at10:00","Closed","https://d2sz1kgdtrlf1n.cloudfront.net/yelo_products/thumb-250-250-dtcrvz2tA4YtY71610189049612-WhatsAppImage20210106at11.51.19PM.jpeg"
"1776069304-103","https://www.kikidrop.com/en/list","Restaurant Al Saddah","Avenue 13","45 mins","13.60 Km","","","","Closed","https://d2sz1kgdtrlf1n.cloudfront.net/yelo_products/thumb-250-250-59py92ngGi6BV41763379717488-WhatsApp20Image202025111720at2014.40.54.avif"
"1776069304-104","https://www.kikidrop.com/en/list","LE MOFO","Near base aerienne","1 hr, 20 mins","13.68 Km","","","","Closed","https://d2sz1kgdtrlf1n.cloudfront.net/yelo_products/thumb-250-250-777yha4c8c9OsJ1766576321934-WhatsApp20Image202025122420at2014.38.32.avif"
"1776069304-105","https://www.kikidrop.com/en/list","SALT BURGER","DJIBOUTI","50 mins","14.30 Km","","4.8","Opens today at11:30","Closed","https://d2sz1kgdtrlf1n.cloudfront.net/yelo_products/thumb-250-250-2jeda4gl1lx3sl1709632192396-Salt.jpg"
"1776069304-106","https://www.kikidrop.com/en/list","Samarina Express","Heron","50 mins","14.64 Km","","4.6","Opens today at11:30","Closed","https://d2sz1kgdtrlf1n.cloudfront.net/yelo_products/thumb-250-250-f0r0ovwua9XtDs1734887197595-samarina20express20Flyer20A420Logo.png"
"1776069304-107","https://www.kikidrop.com/en/list","Tacos AKG","Djibouti Hodan","40 mins","56.44 Km","","","Opens at 00:01 | Apr 14","Closed","https://d2sz1kgdtrlf1n.cloudfront.net/yelo_products/thumb-250-250-9juo7zki74pfCf1767260754922-WhatsApp20Image202025123120at2011.13.44.avif"
"1776069304-108","https://www.kikidrop.com/en/list","Tasty Food","Djibouti","45 mins","7.75 Km","","5.0","","Closed","https://d2sz1kgdtrlf1n.cloudfront.net/yelo_products/thumb-250-250-jrrclfzz29qrDu1765010198979-TastyFood.avif"
"1776069304-109","https://www.kikidrop.com/en/list","24H FAST FOOD","Balbala","50 mins","9.04 Km","","4.0","Opens today at17:30","Closed","https://d2sz1kgdtrlf1n.cloudfront.net/yelo_products/thumb-250-250-hb2rnn4g0k4hEm1729170188599-24H.jpg"
"1776069304-110","https://www.kikidrop.com/en/list","BURGER PLUS","Cité Progrès","40 mins","11.29 Km","","3.5","Opens today at18:00","Closed","https://d2sz1kgdtrlf1n.cloudfront.net/yelo_products/thumb-250-250-inqdw371u7fwW61604518730001-WhatsAppImage20201104at08.15.27.jpeg"
"1776069304-111","https://www.kikidrop.com/en/list","The squid place","Place ambouli","55 mins","11.80 Km","","","","Closed","https://d2sz1kgdtrlf1n.cloudfront.net/yelo_products/thumb-250-250-cc2cz6jyk2JlhY1773127277934-TheSquidPlace.avif"
"1776069304-112","https://www.kikidrop.com/en/list","AYLA CAFE","Bawadi Mall","50 mins","11.96 Km","","3.7","Opens today at18:00","Closed","https://d2sz1kgdtrlf1n.cloudfront.net/yelo_products/thumb-250-250-t8l5amajcpda7k1589571383598-CopyofAylacafe.jpg"
"1776069304-113","https://www.kikidrop.com/en/list","Te'Amo Mall","Bawadi mall","40 mins","12.02 Km","","4.6","Opens today at12:00","Closed","https://d2sz1kgdtrlf1n.cloudfront.net/yelo_products/thumb-250-250-3ii1u3zmy84OAF1699352017590-AppTeamo.jpg"
"1776069304-114","https://www.kikidrop.com/en/list","BHARAT MAHAL","BAWADI MALL","45 mins","12.02 Km","","4.9","Opens today at12:30","Closed","https://d2sz1kgdtrlf1n.cloudfront.net/yelo_products/thumb-250-250-50nyvbdsN4O9ZC1725789244238-Bharat.jpg"
"1776069304-115","https://www.kikidrop.com/en/list","DAILY'S GOURMET BURGERS","Cité saoudit","45 mins","12.20 Km","","4.4","Opens today at18:15","Closed","https://d2sz1kgdtrlf1n.cloudfront.net/yelo_products/thumb-250-250-bswqtjjrMh8q3v1710227929303-WhatsApp20Image202024031220at2010.18.19.jpeg"
"1776069304-116","https://www.kikidrop.com/en/list","Mont'Régal","Saline ouest","50 mins","12.20 Km","","5.0","","Closed","https://d2sz1kgdtrlf1n.cloudfront.net/yelo_products/thumb-250-250-3lzyl9hwwl1L8E1766303821047-WhatsApp20Image202025121320at2016.22.30.avif"
"1776069304-117","https://www.kikidrop.com/en/list","Royal Kebab","Djibouti","40 mins","12.51 Km","","5.0","Opens today at17:30","Closed","https://d2sz1kgdtrlf1n.cloudfront.net/yelo_products/thumb-250-250-2jvwprzrz7Kuel1760186666734-WhatsApp20Image202025092620at2021.02.29.avif"
"1776069304-118","https://www.kikidrop.com/en/list","Healthy Zone Gabode","Gabode","40 mins","12.65 Km","","5.0","Opens today at16:30","Closed","https://d2sz1kgdtrlf1n.cloudfront.net/yelo_products/thumb-250-250-kiy5yzc1LjPDOR1737526304733-HealthyZone.jpg"
"1776069304-119","https://www.kikidrop.com/en/list","Le QG","Resto QG route de l'aeroport","50 mins","12.94 Km","","4.7","Opens today at11:45","Closed","https://d2sz1kgdtrlf1n.cloudfront.net/yelo_products/thumb-250-250-fw5ncbs8je0buq1595327414551-CopyofPeachpuffBrushStrokePhotographyLogo1.jpg"
"1776069304-120","https://www.kikidrop.com/en/list","Tacos de paris","route d'arta pres de snow cream","37 mins","13.09 Km","","5.0","Opens today at18:00","Closed","https://d2sz1kgdtrlf1n.cloudfront.net/yelo_products/thumb-250-250-91za2f8xqaHN5t1749049922715-WhatsApp20Image202025052220at2011.46.57203.avif"
"1776069304-121","https://www.kikidrop.com/en/list","Allo Pizza Aviation","A coté du restaurant habesha","40 mins","13.12 Km","","2.4","Opens today at17:00","Closed","https://d2sz1kgdtrlf1n.cloudfront.net/yelo_products/thumb-250-250-hhnex1mkrfocJP1753810680795-WhatsApp20Image202025072920at2020.36.44.avif"
"1776069304-122","https://www.kikidrop.com/en/list","888 (TACOS HOUSE)","Djibouti","30 mins","13.16 Km","","3.5","Opens today at18:00","Closed","https://d2sz1kgdtrlf1n.cloudfront.net/yelo_products/thumb-250-250-f5s4m8sj69FHjJ1708533171879-IMG20240125WA0000.jpg"
"1776069304-123","https://www.kikidrop.com/en/list","KPB FASTFOOD","Q5 boulevard de gaulle","40 mins","13.16 Km","","5.0","Opens today at18:00","Closed","https://d2sz1kgdtrlf1n.cloudfront.net/yelo_products/thumb-250-250-c1axfstbekyWwQ1749413021854-FBIMG1558089186253.avif"
"1776069304-124","https://www.kikidrop.com/en/list","PIZZERIA SNACK","-","40 mins","13.34 Km","","4.6","Opens today at17:00","Closed","https://d2sz1kgdtrlf1n.cloudfront.net/products/thumb-250-250-7x0nmnbg942J3D1604519100798-WhatsAppImage20201104at08.15.17.jpeg"
"1776069304-125","https://www.kikidrop.com/en/list","BENDO'S","ROUTE DE L 'AEROPORT","45 mins","13.45 Km","","4.7","Opens today at18:00","Closed","https://d2sz1kgdtrlf1n.cloudfront.net/yelo_products/thumb-250-250-d5yg6i8jbaK5ja1641733737571-Bendos5B205585D.jpg"
"1776069304-126","https://www.kikidrop.com/en/list","L'Historil","centre ville","50 mins","13.51 Km","","3.2","Opens today at12:30","Closed","https://d2sz1kgdtrlf1n.cloudfront.net/yelo_products/thumb-250-250-2wtb1nolaf52M01611167705344-88D94FA29C3F47B68E6A7EEBF4B6E3EB.jpeg"
"1776069304-127","https://www.kikidrop.com/en/list","Vizion Gaming Lounge Club","Centre Ville, Place Menelik","40 mins","13.53 Km","","4.4","Opens today at17:00","Closed","https://d2sz1kgdtrlf1n.cloudfront.net/yelo_products/thumb-250-250-lrmerykmBg850x1753447904136-Vision.avif"
"1776069304-128","https://www.kikidrop.com/en/list","Tacos King","Avenue 13","40 mins","13.55 Km","","4.7","Opens today at12:00","Closed","https://d2sz1kgdtrlf1n.cloudfront.net/yelo_products/thumb-250-250-ffz1nhmuocw9Xq1683184759482-WhatsApp20Image202023050420at2010.18.39.jpeg"
"1776069304-129","https://www.kikidrop.com/en/list","Italian Shanghai Restaurant","Al Gamil","40 mins","13.58 Km","","","","Closed","https://d2sz1kgdtrlf1n.cloudfront.net/yelo_products/thumb-250-250-kj8hmftcgeDPWb1732599706153-04b636957ec64b3c9678c848267c1238.jpg"
"1776069304-130","https://www.kikidrop.com/en/list","ADALYA TOBACCO","Boulaos","35 mins","14.05 Km","","5.0","Opens at 12:00 | Apr 14","Closed","https://d2sz1kgdtrlf1n.cloudfront.net/yelo_products/thumb-250-250-kmv5lagtf7Jou41706771025580-WhatsApp20Image202024013120at2010.29.49.jpeg"
"1776069304-131","https://www.kikidrop.com/en/list","La Taverne Restaurant","Haramous","50 mins","14.18 Km","","5.0","Opens today at11:45","Closed","https://d2sz1kgdtrlf1n.cloudfront.net/yelo_products/thumb-250-250-i6174kshR6CZZV1695115534032-f4b9a457dbe949519eca28c9a61ddf54.jpg"
"1776069304-132","https://www.kikidrop.com/en/list","Te'Amo Héron","heron","40 mins","14.48 Km","","4.3","Opens today at12:00","Closed","https://d2sz1kgdtrlf1n.cloudfront.net/yelo_products/thumb-250-250-jwidxpwnR4yUnX1668541636491-WhatsApp20Image202022111520at2022.42.46.jpeg"
"1776069304-133","https://www.kikidrop.com/en/list","SINGH'S RESTAURANT","-","55 mins","14.58 Km","","4.8","Opens today at12:00","Closed","https://d2sz1kgdtrlf1n.cloudfront.net/yelo_products/thumb-250-250-j0bf5tdp69drD31692272101211-WhatsApp20Image202023081720at2014.31.39201.jpeg"
"1776069304-134","https://www.kikidrop.com/en/list","LAC ABBÉ","HÉRON","55 mins","14.58 Km","","4.9","Opens today at19:00","Closed","https://d2sz1kgdtrlf1n.cloudfront.net/yelo_products/thumb-250-250-ew1sa2vndk46KA1607414862341-LeLacABBE9362.jpg"
"1776069304-135","https://www.kikidrop.com/en/list","Pizza Di Bassem","djibouti,djibouti","40 mins","14.64 Km","","4.0","Opens today at18:00","Closed","https://d2sz1kgdtrlf1n.cloudfront.net/yelo_products/thumb-250-250-l8m8b8x4PbuT4Z1746359376335-AppIcons.avif"
"1776069304-136","https://www.kikidrop.com/en/list","Maymas Restaurant","a cote du 4 arrondissement","45 mins","1.52 Km","","5.0","Opens today at17:00","Closed","https://d2sz1kgdtrlf1n.cloudfront.net/yelo_products/thumb-250-250-2ggvhtsmnh6IYP1755152758587-Maymas.avif"
"1776069304-137","https://www.kikidrop.com/en/list","Pikaya Kitchen","djibouti","40 mins","10.84 Km","","5.0","Opens today at16:00","Closed","https://d2sz1kgdtrlf1n.cloudfront.net/yelo_products/thumb-250-250-bakza1f6f7VNQE1761813014424-Pikaya.avif"
"1776069304-138","https://www.kikidrop.com/en/list","Nasma's Food","djibouti","35 mins","10.98 Km","","4.8","Opens today at17:00","Closed","https://d2sz1kgdtrlf1n.cloudfront.net/yelo_products/thumb-250-250-ewulg8y5h3NoNR1757112818543-IMG20250830WA0012.avif"
"1776069304-139","https://www.kikidrop.com/en/list","N.I La Maison du Tiramisu","cite nagad","30 mins","11.37 Km","","4.0","Opens today at12:00","Closed","https://d2sz1kgdtrlf1n.cloudfront.net/yelo_products/thumb-250-250-d6rhln9hj3AiaP1749032367232-WhatsApp20Image202025060420at2010.00.35202.avif"
"1776069304-140","https://www.kikidrop.com/en/list","Les Tagines de Hiba","Quartier poudrière","50 mins","11.97 Km","","","Opens at 12:00 | Apr 19","Closed","https://d2sz1kgdtrlf1n.cloudfront.net/yelo_products/thumb-250-250-116d2brp8fFmCt1775909693174-Yellow20and20Brown20Kitchen20Food20Logo202507300024480000.pdf"
"1776069304-141","https://www.kikidrop.com/en/list","Snow Cream","Mosque moumin'at","45 mins","12.79 Km","","5.0","Opens today at18:00","Closed","https://d2sz1kgdtrlf1n.cloudfront.net/yelo_products/thumb-250-250-34zafz1642Jgs91632762421343-SnowCream5B161865D.jpg"
"1776069304-142","https://www.kikidrop.com/en/list","L'as du tacos","Rue nelson mandela","35 mins","12.91 Km","","5.0","Opens today at18:30","Closed","https://d2sz1kgdtrlf1n.cloudfront.net/yelo_products/thumb-250-250-47xc092t4kQhtf1749024616921-WhatsApp20Image202025060320at2009.27.53201.avif"
"1776069304-143","https://www.kikidrop.com/en/list","Joy's Kitchen","Gabode 4","40 mins","13.00 Km","","4.8","Opens today at12:00","Closed","https://d2sz1kgdtrlf1n.cloudfront.net/yelo_products/thumb-250-250-7kylke1i667FYZ1739856425814-Joy.jpg"
"1776069304-144","https://www.kikidrop.com/en/list","Moun's Healthy","Marki restaurant","40 mins","13.29 Km","","5.0","Opens today at17:00","Closed","https://d2sz1kgdtrlf1n.cloudfront.net/yelo_products/thumb-250-250-bi992jn1L9YN621749968290316-Mouns20Healthy.avif"
"1776069304-145","https://www.kikidrop.com/en/list","STR’EAT","djibouti","40 mins","13.40 Km","","4.5","Opens today at18:00","Closed","https://d2sz1kgdtrlf1n.cloudfront.net/yelo_products/thumb-250-250-im8fitgfA1p88l1764436357561-IMG20251129WA0001.avif"
"1776069304-146","https://www.kikidrop.com/en/list","Mirra Fastfood","Djibouti","40 mins","13.82 Km","","4.8","Opens today at19:00","Closed","https://d2sz1kgdtrlf1n.cloudfront.net/yelo_products/thumb-250-250-dudhvsugo4GSI81742118490674-IMG20250303WA0020.jpg"
"1776069304-147","https://www.kikidrop.com/en/list","9'Smash burger","Prés du mosquée d'héron","1 hr, 5 mins","14.64 Km","","4.9","Opens at 18:00 | Apr 14","Closed","https://d2sz1kgdtrlf1n.cloudfront.net/yelo_products/thumb-250-250-4lbv15cg8bereU1771855812219-WhatsApp20Image202026022320at2017.09.49.avif"
